key,sequence
0,EADCGLRPLFEKKSLEDKTERELLESYI
1,EADCGIRPKFEKSNIKDKSEHELLESYI
2,ENGCGLRPLFEEKNIEDNGEKELLESYI
3,EDECGVRPKFEQIKVKDQNEQELTDSY-
4,EDECGIRPKFEQIKVKDQNEQELTDSY-
5,EADCGIRPMFERVNKQDATEKELSESYI
6,EADCGIRPMFERVNKQDATEKELTESYI
7,ELVCGERPWFEKIKTADQNEQELLESY-
8,ELVCGQRPMFEKVGTADKKEQELLDSY-
9,ELDCGERPLFEKINKADKNEKELLMSY-
10,EQECGVRPLFEKIHKEDKNEKELLASY-
11,EDECGVRPLFEKISKEDKNEKELLMSY-
12,EQDCGVRPLFEKISKEDKNEKELLMSY-
13,EEECGVRPLFEKVSKADGTEVELLKSY-
14,ELECGERPLFEKVNKEDATEVELIKSY-
15,ELECGVRPLFEKIHKTDSTEQDLTESY-
16,ETECGVRPLFEKINKKDNKEEELLESY-
17,EMVCGERPMFEKISKKDGREQELIDSY-
18,EMVCGERPMFEKISKKDGREQELIDSY-
19,ELVCGERPMFEKISKKDGREQELIDSY-
20,ELVCGERPMFEKISKKDGREQELIDSY-
21,ELVCGERPMFEKISKKDGREQELIDSY-
22,ELVCGERPMFEKISKKDGREQELIDSY-
23,ELVCGERPMFEKISKKDGREQELIDSY-
24,EMVCGERPMFEKISKKDGREQELIDSY-
25,EMVCGERPMFEKISKKDGREQELIDSY-
26,EEVCGERPLFEKVQKEDAKESELLESY-
27,ESVCGLRPLYEQKGKQDKTESELLASY-
28,ESVCGQRPLFEQKGKQDKNENELLESY-
29,ESVCGQRPLFEQKGKQDKNENELLESY-
30,ESDCGLRPLFELKGKKDAKEQELLDSY-
31,EIVCGERPLFEKQNKKDANEDELLESY-
32,EDDCGQRPLFEKISKTDQKEAELLESY-
33,EDDCGQRPLFEKISKKDQNEAELVQSY-
34,EDDCGQRPLFEKISKKDQNEAELVQSY-
35,ESVCGERPLFEKVKKADAKEAELLESY-
36,EANCGKRPLFEQKAIKDKKEDELLASY-
37,EADCGKRPLFEQKAIKDRKEDELLASY-
38,EGECGLRPLFEKENKKDAKEEELLESY-
39,ETACGERPLFEKINKLDSKESELLESY-
40,ESVCGQRPLFEKLGKKDTTEDELLDSY-
41,ESVCGERPLFEKLGKKDTKEDELLDSY-
42,ENECGQRPLFEKKGIKDKKEEELLESY-
43,ESECGQRPLFELKGIKDQKEEELLESYM
44,EAVCGQRPLFELKKKEDKSEQELLDSYI
45,EAECGLRPLFEQKSVEDKSEKELLESYM
46,EAVCGLRPLFEKKSVVDQTDQELLDSYV
47,EAVCGLRPLFEQKSVEDKGEKELLESYM
48,EAVCGLRPLFEQKKVADKSEAELLESYI
49,ETDCGIRPLFEKKKISDKSEQELLDSYI
50,ETDCGIRPLFEKKKISDKSEQELLDSYI
51,ETDCGIRPLFEKKKISDKSEQKLLDSYV
52,ETDCGIRPLFEKKQISDKSEHELLDSYI
53,EAECGIRPLFEKQKIADKTEKELLESYI
54,EADCGIRPLFEKKNIADKTEKDLLESYI
55,EADCGIRPLFEKKNVADKTEKDLLESYI
56,EADCGIRPLFEKVAASDKTERELLQSY-
57,EADCGVRPLFEKKKTPDNSEHELLESYL
58,EADCGSRPLFEKQHVSDKTEQELLDSYL
59,EADCGIRPLFEEKKIADSTENELLESYL
60,EADCGIRPLFEEKKKTDSTESELLESYM
61,EADCGIRPLFEEKKIPDSTENELLESYL
62,EADCGIRPLFEQKKKTDTTESELEESY-
63,EADCGIRPLFEKKKIQDKSEKELLESYM
64,EADCGIRPLFEKKKIQDKSEKELLESYM
65,EADCGIRPLFEKKKIKDKSEKELLESYI
66,EADCGIRPLFEKKKIADGTERELIKSYM
67,EADCGIRPLFEKKNIQDKSEEEVMKSY-
68,EADCGTRPLFEKKKLTDKSEKELLESYI
69,EADCGTRPLFEKKKLTDKSEKELLESYI
70,EADCGTRPLFEKKTVTDKSEKELLESYI
71,EADCGTRPLFEKKKLTDKSEKELLESYM
72,EADCGTRPLFEKKKLTDKSEKELLESYM
73,EADCGTRPLFEKKKLTDQSEKELLESYI
74,EADCGTRPLFEKKKVADKTEKELLSSY-
75,EADCGTRPLFEKKKVTDKSEKELLSSY-
76,EADCGTRPLFEKKDVTDKSEKELLESYI
77,EADCGTRPLFEKKKITDKSEKELLESYI
78,EADCGTRPLFEKKKIKDKSETELLESYM
79,EADCGTRPLFEKKKVTDKSEKELLASYI
80,EADCGTRPLFEKKKVTDKSEKELLESYI
81,EADCGTRPLFEKKKVMDKSEKELLESYI
82,EADCGTRPLFEKKQITDQSEKELMESYM
83,EADCGTRPLFEKKQITDQSEKELMDSYM
84,EADCGTRPLFEKKQITDQSEKELLDSYM
85,EADCGTRPLFEKKQITDQSEKELLDSYM
86,EADCGTRPLFEKKQITDQSEKELMDSYM
87,EADCGTRPLFEKKQITDQSEKELMDSYM
88,EADCGTRPLFEKKQITDQSEKELMDSYM
89,EADCGTRPLFEKKQITDQSEKELMDSYM
90,EADCGTRPLFEKKQITDQSEKELMDSYM
91,EADCGTRPLFEKKQITDQSEKELLDSYM
92,EADCGTRPLFEKKKVTDKSEKELLESYM
93,EADCGTRPLFEKKKLTDKSEKELLDSYI
94,EADCGTRPLFEKKKITDKSERELLDSY-
95,EADCGSRPLFEKKKITDKSERELLDSY-
96,EADCGTRPLFEKKKITDKSERELLDSY-
97,EADCGTRPLFEKKKVTDKTEKELLESY-
98,EADCGTRPLFEKKKITDKSERELLDSY-
99,EADCGTRPLFEKKKITDKSEKELLESY-
100,EADCGTRPLFEKKKITDRSEKELLQSYI
101,EADCGTRPLFEKKEVKDKSEKELLESYI
102,EADCGTRPLFEKKEVKDKSEKELLESYI
103,EADCGTRPLFEKKKVKDKSEKELLESYM
104,EADCGTRPLFEKKKVTDKSEKELLESYI
105,EADCGTRPLFEKRKVQDKSEKELLESYI
106,EADCGLRPLFEKKSRLDKSEAELLESYI
107,EADCGLRPLFEKKSQSDKSEAELLESYI
108,EADCGLRPLFEKKELKDNSEQELLDSYI
109,EADCGIRPLFEKKSLQDNSEQELLDSYI
110,-ADCGLRPLFEKKSVEDRKEKELLDSYI
111,-ADCGLRPLFEKKDLEDKTEQELLDSYI
112,EADCGLRPLFEKKSVSDKTENELLDSYI
113,EADCGLRPLFEKKLLEDETEQELLESYI
114,EADCGLRPLFEKKSIEDATEQELLESYV
115,EADCGLRPLFEQKSLEDKTEGELLESYI
116,EADCGLRPLFEQKSLEDKTEEELLESYI
117,EADCGLRPLFEQMSKEDKTEEELLESYI
118,EADCGLRPLFEKKLVKDKTEQELLESYI
119,EADCGLRPLFEKKSVKDKTEEELLESYI
120,ESDCGLRPLFEKKLLKDKTEKELLESYI
121,EADCGLRPLFEKKFLEDKTEKELLGSYI
122,EADCGLRPLFEKKSLEDKTEGELLESYI
123,EADCGLRPLFEKKSLEDKTEGELLESYI
124,EADCGLRPLFEKKSLEDKTEGELLESYI
125,EADCGLRPLFEKKSLEDKTEGELLESYI
126,EADCGLRPLFEKKSLEDKTEGELLESYI
127,EADCGLRPLFEKKSLEDKTEGELLESYI
128,EADCGLRPLFEKKLLEDKTEGELLESYI
129,EADCGLRPLFEKKSLEDKTERELLESYI
130,EADCGLRPLFEKKSLEDKTERELLESYI
131,EADCGLRPLFEKKSLEDKTERELLESYI
132,EADCGLRPLFEKKSLEDKTERELLESYI
133,EADCGLRPLFEKKSLEDKTERELLESYI
134,EADCGLRPLFEKRSVKDKTEGELLESYI
135,EADCGLRPLFEKKSVKDKTEEELLESYI
136,EADCGLRPLFEKSLVKDKTEHELLESYI
137,EADCGLRPLFEKSLVKDKTEHELLDSYI
138,EADCGLRPLFEKKLVKDKTEHELLESYI
139,EADCGLRPLFEKKLVQDKTEHELLESYI
140,EADCGLRPLFEKKLVKDKTEHELLESYI
141,EADCGLRPLFEKKSVKDKTEKELLDSYI
142,EADCGLRPLFEKKSLKDKTEEELLDSYI
143,EADCGLRPLFEKKSLKDKTEKELLDSYI
144,EADCGLRPLFEKKSLKDKTEKELLDSYI
145,EADCGLRPLFEKKSLKDKTEKELLDSYI
146,EADCGLRPLFEKKSLKDKTEEELLDSYI
147,EADCGLRPLFEKRSVKDKTEHELLDSYI
148,EADCGLRPLFEKRSVKDKTEHELLDSYI
149,EADCGLRPLFEKRLVKDKTEHELLDSYI
150,EADCGLRPLFEKRLVKDKTEHELLDSYI
151,EADCGLRPLFEKRLVKDKTEHELLDSYI
152,EADCGLRPLFEKRLVKDKTEHELLDSYI
153,EADCGLRPLFENKLVQDKTEQELFDSYI
154,EADCGLRPLFENKLVQDKTEQELFDSYI
155,EADCGLRPLFENKLVQDKTEQELFDSYI
156,EADCGLRPLFENKLVQDKTEQELFDSYI
157,EADCGLRPLFENKLVQDKTEQELFDSYI
158,EADCGLRPLFENKLVQDKTEQELFDSYI
159,EADCGLRPLFENKLVQDKTEQELFDSYI
160,EADCGLRPLFEKKSLEDKREKELLDSYI
161,EADCGLRPLFEKKSVEDKTEKELLDSYI
162,EADCGLRPLFEKKSVEDKTEKELLDSYI
163,EADCGLRPLFEKKSVEDKTEKELLDSYI
164,EADCGLRPLFEKSSLEDKTEKELFESYI
165,EADCGLRPLFEKKGVQDKTEMELLESYI
166,EADCGLRPLFEKKKLQDQTETELFESYI
167,EADCGLRPLFEKKKLQDQTETELFESYI
168,EADCGLRPLFEKKKLQDQTETELFESYI
169,EADCGLRPLFEKKKLQDQTETELFESYI
170,EADCGLRPLFEKKQVQDQTEKELFESYI
171,EADCGLRPLFEKKQVQDQTEKELFESYI
172,EADCGLRPLFEKKKLQDKTETELFESYI
173,EADCGLRPLFEKKKLQDKTEAELFESYI
174,EADCGLRPLFEKKSVKDATEDELFESYI
175,EADCGLRPLFEKKSLKDEREEELLESYI
176,EADCGLRPLFEKKTVKDKTEDELLDSYI
177,EADCGLRPLFEKKTVKDKTEDELLDSYI
178,EADCGLRPLFEKKTVKDKTEDELLDSYI
179,EADCGLRPLFEKKSLQDQTESELLDSYI
180,EADCGLRPLFEKKSRKDKTEKELLDSYI
181,EADCGLRPLFEKKSQKDKTEKELLDSYI
182,EADCGLRPLFEKKSRKDETEKELLDSYI
183,EADCGLRPLFEKKSLTDETEKELFLSYI
184,EADCGLRPLFEKKSLTDTTEKELLDSYI
185,EADCGLRPLFEKKSLKDTTEKELLDSYI
186,EADCGLRPLFEKKSLTDKTEKELLDSYI
187,EADCGLRPLFEKKSLTDTTEKELLDSYI
188,EADCGLRPLFEKKSLTDKTEKELLDSYI
189,EADCGLRPLFEKKSLTDKTEKELLDSYI
190,EADCGLRPLFEKKSLKDKTEKELLDSYI
191,EADCGLRPLFEKKEVKDNTELKLLDSYI
192,EADCGLRPLFEKKNVKDKTEAQLLDSYI
193,EADCGLRPLFEKKRVKDKTEAQLLDSYI
194,ELECGERPLFEKIQKDDKTEIELLKSY-
195,EADCGTRPLFEKKKVTDKSEKELLDSYI
196,EADCGTRPLFEKKKITDKSERELLDSY-
197,ESECGERPLFEKMNRADTKEAELLESY-
198,ESACGVRPLFESKGKVDKKENELLESY-
199,ETDCGIRPLFEKKKITDKSEQELLDSY-
200,EADCGTRPLFEKKKVTDKSEKELLESYM
201,EADCGLRPLFEKKRLEDKTEKELLDSYV
202,EADCGLRPLFEKKSAEDTAEKELLASYI
203,EADCGKRPLFEKINKEDATDKELLQSYV
204,ETDCGIRPLFEKKKISDKSEQELLDSYI
205,EADCGVRPLFEKKKISDNSEQELLDSY-
206,EADCGTRPLFEKKKVTDKSEKELLESYM
207,EADCGTRPLFEKKKVTDKSEKELLESYM
208,EADCGIRPLFEKKKVTDKSEKELLDSYM
209,EADCGTRPLFEKKKITDKSEKELLDSY-
210,EADCGLRPLFEKLSKDDKTEHELLESYI
211,ESVCGLRPLFEQKSQEDKNEKELLETY-
212,ESECGQRPLFEKMNKKDSKEDELLESY-
213,EADCGLRPLFEKSLVKDKTEHELLESYI
214,EADCGLRPLFEKKSLEDKTEQELLESYI
215,EADCGLRPLFEKRLVKDKTEHELLDSYI
216,EAGCGLRPLFEKKGLEDNTEKELMESYI
217,EADCGTRPLFEKKKVTDKSEKELLESYI
218,EADCGTRPLFEKKQITDQSEKELMDSYM
219,EADCGTRPLFEQKKVTDKSEKELLESY-
220,EAECGTRPLFEKKKVTDKGEKELLESY-
221,EADCGTRPLFEKKKLTDKSEKELLESYM
222,EADCGIRPLFEKKKIVDGTEKELMESY-
223,EADCGLRPLFEKKQLQDQTEKELFESYI
224,EADCGLRPLFEKKQVQDQTEKELFESYI
225,EADCGLRPLFEKKGVQDKTEMELLESYI
226,EADCGLRPLFEKKSVKDKTEEELLESYI
227,EADCGLRPLFEKKSVKDKTEDELLESYI
228,EADCGLRPLFEKKNVKDKTEDELFESYI
229,ESNCGLRPLFEMKGIKDGKEQELLESY-
230,EDECGRRPLFEQKNKKDASEDELLQSY-
231,ETDCGIRPLFEKKQISDKSERELLDSYI
232,ESVCGQRPLFEQKGKQDKNENELLESY-
233,EDDCGQRPLFEKISQKDQNEAELVQSY-
234,EADCGLRPLFEKKSLKDKTEEELLDSYI
235,ESVCGRRPLFEQKGKQDKNENELLESY-
236,EAGCGLRPLFEKKGLKDNSENELLDSYI
237,EADCGTRPLFEKKKVMDKSEKELLESYI
238,EADCGTRPLFEKKKIMDKTEKELLESY-
239,EADCGTRPLFEKKKVKDKSETELLESYI
240,EADCGTRPLFEKKKVTDKSEKELLESY-
241,ESECGVRPLFEKMNRADTKEAELLESY-
242,ETDCGLRPLFEKKGVKDTTEEQLLDSYI
243,EADCGLRPLFEKKSVKDKTEGELLESYI
244,EADCGLRPLFEKRSVKDKTEHELLDSYI
245,EADCGLRPLFEKRSVKDKTEHELLDSYI
246,EADCGTRPLFEKKKVTDKSEKELLDSY-
247,EADCGIRPLFEKKQISDNTENELLESY-
248,EADCGIRPLFEKKQISDNTENELLESY-
249,EADCGLRPLFEKKSLSDKTEKELLDSYI
250,EADCGIRPLFEEKNICDSTENELVESYL
251,ETACGERPLFEKINKLDSKESELLESY-
252,EADCGTRPLFEKKKVTDKSEKELLESYI
253,EADCGLRPLFEKKLVKDKTEHELLESYI
254,ENVCGQRPLFEASNKKDKNEQELLDSY-
255,EADCGLRPLFEKKSLKDKTEEELLDSYI
256,EADCGLRPLFEKKSVKDKTEKELMDSYI
257,EADCGTRPLFEKKRVTDKSEKELLDSY-
258,EADCGTRPLFEKKKVTDKSEKELLESYI
259,EAECGTRPLFEKKKVTDKSEKELLESY-
260,EADCGTRPLFEKKKVKDKSEKELLESYM
261,EADCGLRPLFEKKKLQDKTETELFESYI
262,EADCGLRPLFEKASLEDKTEKKLLKSYI
263,EADCGIRPLFEKKKITDKSERELLDSYI
264,EADCGIRPLFEKKKLTDNSEKELLESYI
265,EADCGLRPLFEKKGLEDNSEKELMDSYI
266,EAECGIRPLFEKLKIADKTEKELLESYI
267,EADCGLRPLFEKKSRKDETEKELLDSYM
268,EADCGIRPLFEKKKISDKSEQELLASYI
269,EADCGLRPLFEKKELKDNSEQELLDSYM
270,ETDCGLRPLFEKKFLEDKTEKELLESYI
271,EADCGIRPLFEKKKVTDQSEKELLDSYM
272,EAVCGTRPLFEKKKITDQSERELLDSY-
273,EADCGTRPLFEKKKITDKSERELLDSY-
274,EADCGLRPLFENKLVQDKTEQELFDSYI
275,EADCGTRPLFEKKKITDKSERELLDSY-
276,EADCGLRPLFEKSSLEDKTERELFESYI
277,ESECGLRPLFEKKGIKDTKEEELLESY-
278,EADCGLRPLFENKLVQDKTEQELFDSYI
279,ETDCGLRPLFEKRQLEDESEQELLESYI
280,ELECGDRPMFEKENKQDQNEKELLESY-
281,EADCGTRPLFEKKKITDKSERELLDSY-
282,EADCGLRPLFEKKTVKDKTEDELLDSYI
283,EADCGTRPLFEKKKLTDKTEKELLESYM
284,EADCGLRPLFEKKQLQDQTEKELFESYI
285,EADCGTRPLFEKKKVADKSEKELLESY-
286,EDDCGQRPLFEKISKKDQNEAELVQSY-
287,ESECGQRPLFEKKGKKDAKEDELLESY-
288,EADCGTRPLFEKKKITDKSERELLDSY-
289,EADCGTRPLFEKKKITDQSERELLDSY-
290,EADCGTRPLFEKKKITDTSERELLDSY-
291,EADCGTRPLFEKKKITDKSERELLDSY-
292,EADCGLRPLFEKKSLKDKTEEKLLDSYI
293,EADCGIRPLFEKKKLTDQSEKELLDSY-
294,EDDCGQRPLFEKISKTDQKEAELLESY-
295,EADCGTRPLFEKKKITDQSERELLDSY-
296,ESDCGQRPLFEKVGKKDSKEDELVDSY-
297,EADCGTRPLFEKKKLMDKSEKELLESYI
298,EADCGIRPLFEKKKMVDGTEKELMES--
299,EADCGTRPLFEKKKVTDKSEKELLESY-
300,EADCGTRPLFEKKKVTDKSEKELLESY-
301,EADCGSRPLFEKKTVLDKSEKELLESY-
302,ESVCGQRPLFEQKGKQDKNENELLESY-
303,ESVCGQRPLFEQKGKQDKNENELLESY-
304,ESVCGQRPLFEQKGKQDKNENELLESY-
305,EADCGTRPLFEKKKITDKSERELFDSY-
306,EADCGSRPLFEKKKITDKSERELLDSY-
307,EADCGIRPLFEKKKITDQSERELLDSY-
308,EADCGTRPLFEKKKVTDKSEKELLESYI
309,EADCGLRPLFEKKSVEDQTQQELLDSYI
310,EEDCGLRPLFEKKSLEDKTENELFESYI
311,EADCGLRPLFEKKSLEDKMEQELLESYM
312,EADCGLRPLFEKQSLKDKTEKELLDSYV
313,EADCGLRPLFEKKSVKDKTETELLDSYI
314,EADCGTRPLFEKKKIADKSERELLDSY-
315,ESDCGLRPLFEKTNKKDKTEDELLESY-
316,EADCGTRPLFEKKKVTDKSEKELLESYI
317,EDDCGQRPLFEKIDKEDTKEEELLESY-
318,EADCGTRPLFEKKKVIDKSETELLESYM
319,EADCGLRPLFEKKSLEDKTEGELLESYI
320,EADCGTRPLFEKKKVTDKSEKELLESYI
321,EADCGTRPLFEKKKVTDRSEKELLESY-
322,EADCGTRPLFEKQKVTDRSEKELLESYI
323,EADCGTRPLFEKKKVTDKSEKELLESYI
324,EADCGTRPLFEKRKTMDKSEKELLESYI
325,EADCGTRPLFEKKQVTDRSEKELLESY-
326,EADCGTRPLFEKKQVTDRSEKELLESYV
327,EADCGTRPLFEKKKVTDKSEKELLESYM
328,EADCGTRPLFEKKKVADRSEKELLESYI
329,EADCGLRPLFEKKNVKDKTEDELFESYI
330,EAVCGKRPLFEQINKEDSTDKELLESYV
331,ETDCGIRPLFEKKKISDKSEQELLDSYI
332,EADCGARPLFEKKKVQDKSETELLESYI
333,EADCGYRPLFEKKKITDKSEKELLESYI
334,EADCGTRPLFEMKKITDKSEKELLESYI
335,EADCGLRPLFEKKSQEDKTEKELLDSYI
336,EADCGTRPLFEKKKVVDKTEKELLESY-
337,EADCGSRPLFEKKKITDKSEKELLESYI
338,EADCGTRPLFEKKNVKDKSEKELLESY-
339,EADCGTRPLFEKKKVMDKSEKELLQSYI
340,ESVCGERPLFEKLNKKDAKENELMESY-
341,EADCGTRPLFEKKKVTDKSEKELLDSYM
342,EADCGSRPLFEKKKITDKSEKELLESYI
343,EADCGTRPLFEKKKVTDKSEKELLESYI
344,EADCGTRPLFEKKKITDKSEKELLESYI
345,EADCGVRPLFEKKKVTDKTEKELMESYM
346,EADCGTRPLFEKKKIADKSEKELLDSY-
347,EADCGLRPLFENKSRADKTEHELLESYI
348,EADCGLRPLFEKKSLEDKTEQELLESYI
349,EADCGLRPLFEKKSLEDKTEQELLESYI
350,EADCGLRPLFEKKKLQDKTETDLFESYI
351,EADCGTRPLFEKKKITDKSERELLDSY-
352,ELVCGERPMFEKISKKDGREQELIDSY-
353,EADCGTRPLFEKKKITDKSERELLDSY-
354,EADCGLRPLFEKKSLEDKTEGELLESYI
355,EADCGLRPLFEKKSLEDKTEKKLLESYI
356,EQVCGERPMFEKVNKKDAKEQELLDSY-
357,EADCGLRPLFEKKSLKDETEKELFDSYL
358,EADCGIRPLFEKKKITDNSERELEESYL
359,EADCGLRPLFEKKSLKDKTEEELLDSYI
360,EADCGLRPLFEKKSLKDKTEEELLDSYI
361,EADCGLRPLFEKKSLKDKTEEELLDSYI
362,EADCGLRPLFEKKSLEDKTEGELLESYI
363,EADCGLRPLFEKKSLEDKTEGELLESYI
364,EMVCGERPLFEKISKKDGREQELIDSY-
365,EDDCGQRPLFEKKNKQDAKEGELLESY-
366,ESECGERPLFEKKGKKDTKEDELLESY-
367,EADCGSRPLFEKLHVSDKTEQELLDSYL
368,EADCGTRPLFEKKKITDKSERELLDSY-
369,EADCGTRPLFEKKQITDQSEKELMDSYM
370,EADCGTRPLFEKKKITDKSERELLDSY-
371,EADCGSRPLFEKLHVSDKTEQELLDSYL
372,EADCGTRPLFEKKKITDKSERELLDSY-
373,ELECGERPLFEKVNKEDATEVELIKSY-
374,EADCGIRPLFEKKKVTDQSEKELLESYM
375,EADCGLRPLFEKKKLQDQTETELFESYI
376,EADCGTRPLFEKKKITDQSERELLDSY-
377,EADCGIRPLFEKKKITDQSERELLDSY-
378,ESVCGERPLFEKLKKKDRNEAELLESY-
379,EQECGERPLFEKINKEDKNEKELLMSY-
380,EADCGLRPLFEKKQLQDQTEKELFESYI
381,ESVCGERPLFEALKKEDAKEGELLESY-
382,EADCGTRPLFEKKKLTDQSERELLDSY-
383,EADCGTRPLFEKKKITDKSERELLDSY-
384,EADCGIRPLFEKKKITDKSERELLDSF-
385,EADCGIRPLFEKKKITDKSERELLDSF-
386,EADCGLRPLFEKRSVQDKTEKELLDSYI
387,EADCGSRPLFEKKKTTDQSEKELLDSY-
388,--DCGLRPLFEKKSLKDKTEKELLDSYI
389,EADCGTRPLFEKKKISDKSEQELLASYI
390,ELVCGERPMFEKISKKDGREQELIDSY-
391,EDECGVRPLFEKINKDDKNEKELLMSY-
392,EQECGVRPLFEKITKEDKNEKELLMSY-
393,EADCGTRPLFEKKKVTDKSEKELLESYM
394,EADCGTRPLFEKKKLTDKSEKELLESYI
395,EADCGTRPLFEKKKLTDKSEKELLESYI
396,EADCGLRPLFEKKLVKDKTEHELLESYI
397,ESVCGLRPLFEQKSQEDKNEKELVETY-
398,EADCGLRPLFEKRSVQDKTEKELLDSYI
399,EADCGTRPLFEKKKVTDKSEKELLESYI
400,EADCGTRPLFEKKKVKDKSEKELLESYM
401,EADCGTRPLFEKKKLTDKSEKELLESY-
402,EGDCGTRPLFEKKKVTDKSEKELLESYV
403,EADCGTRPLFEKKKVTDKSEKELLESY-
404,EADCGLRPLFEKKSQKDKTEKELLDSYI
405,EADCGSRPLFEKQGISDKTEKELLDSYL
406,ESDCGQRPLFEKKGKTDAKEDELLASY-
407,ESDCGQRPLFEKQNKKDAKEDELLESY-
408,EADCGLRPLFEKKSLEDKTERELLESYI
409,EADCGTRPLFEKKQITDRSEKELLESYM
410,EADCGTRPLFEKKKITDKSERELLDSY-
411,EADCGIRPLFEKKKIVDGAEKELMESY-
412,EADCGLRPLFEKKSVEDKTEKELLDSYI
413,EQECGVRPLFEKISKEDKNEKELLMSY-
414,EADCGTRPLFEKKKITDKSERELLDSY-
415,EADCGIRPLFEKKKVTDQSEKELLESYM
416,EADCGIRPLFEKKKVTDKSEKELLDSY-
417,EADCGTRPLFEKKKITDKSERELFDSY-
418,EADCGIRPLFEKKKISDPTENELLESYL
419,EADCGLRPLFEKKSVEDKTEKELLDSYI
420,EADCGTRPLFEKKKVMDKTEKELLES--
421,EADCGLRPLFEKKSLEDKTEQELLESYI
422,EADCGLRPLFEKKKLQDQTEKELFESYI
423,EADCGLRPLFEQKSLEDKTEEELLESYI
424,EADCGLRPLFENKLVQDKTEQELFDSYI
425,EQECGERPLFEKINKEDKNEKELLMSY-
426,EADCGIRPLFEKKKLADRTEKELLESYI
427,EADCGIRPLFEKKKLADRTEKELLESY-
428,EADCGTRPLFEKKKITDKSERELLDSY-
429,EADCGTRPLFEKKKVKDKSEKELLESYM
430,EADCGLRPLFEKKTVKDKTEDELLDSYI
431,EADCGTRPLFEKKQITDQSEKELLDSY-
432,EDKCGERPLFEKLNKQDATEKELAESY-
433,EADCGIRPLFEKKNIADKTEKELLESYI
434,EADCGVRPLFEKKKISDSTENELLESYL
435,EADCGLRPLFEKKSVKDKTEKELLDSYI
436,EADCGTRPLFEKKKITDKSERELLDSY-
437,EADCGTRPLFEKKKVTDKSEKELLESYI
438,EADCGIRPLFEKKKVTDKSEKELLDSY-
439,EADCGTRPLFEKKKITDKSERELLDSY-
440,EADCGLRPLFEKKSLEDKREKELLDSYI
441,EADCGLRPLFEKKTVKDKTEDELLDSYI
442,EADCGIRPLFEKKKITDKSERELLDSY-
443,ENDCGQRPLFEKISKKDAKEDELLESY-
444,EADCGTRPLFEKKKVTDKSEKELLESYM
445,EADCGTRPLFEKKKVTDKSEKELLASYM
446,EADCGLRPLFEKKSQKDKTEKELLDSYI
447,EQECGVRPLFEKIHKEDKNEKELLASY-
448,ESECGIRPLFEKKKIADNTEHQLLESYL
449,EADCGIRPLFEKKKISDPTENELLESYL
450,EADCGTRPLFEKKKVTDNSEKELLESYI
451,EADCGTRPLFEKKKVTDNSEKELLESYI
452,ESVCGVRPLFEQVSRVDNGEKEMLESY-
453,EADCGLRPLFEKKSLQDQTESELLDSYI
454,EDDCGQRPLFEKISKKDQNEAELVQSY-
455,EADCGIRPLFEKKKISDKSEQELLASYI
456,EADCGIRPLFEKKKMADKSERELLDSY-
457,ENMCGMRPLFEKKNKEDAKEKELLESY-
458,ETACGMRPLFEKKNKEDANEKELVESY-
459,ESDCGLRPLFEKKSVEDKSEHELLESYI
460,EADCGLRPLFENKSRADKTEHELLESYI
461,EADCGLRPLFEKKSRKDKTEKELLDSYI
462,ESVCGVRPLFEKQNKMDTKEEELLESY-
463,EADCGTRPLFEKKNIMDKSEKELLESY-
464,EGVCGLRPLFEQKKIADKSEAELLESYI
465,EADCGLRPLFEKKSQKDKTEKELLDSYI
466,EADCGTRPLFEKKRVTDKTEKELMESY-
467,EEVCGLRPMFESVNKQDETEQELLDSY-
468,EADCGTRPLFEKKKVTDKSEKELLESY-
469,EADCGTRPLFEKKKVTDKSEKELLESYM
470,EADCGTRPLFEKKKVTDKSEKELLESFM
471,EADCGTRPLFEKKKVTDKSEKELLESYM
472,EADCGIRPLFEKKKISDSTENELLESYL
473,EADCGTRPLFEKKKIMDKSEKELLESYM
474,EADCGTRPLFEKKDVKDRGEKELFESYI
475,ELVCGERPFFEKTKKEDQNEQELLESY-
476,EADCGTRPLFEKKKVTDKSEKELLESYM
477,EADCGIRPLFEKKKLADRTEKELLESYM
478,EADCGTRPLFEKKKVTDKSEKELLESYM
479,EADCGLRPLFENRLVQDQTEQELFDSYI
480,ESECGERPLFEKQNKQDSKEEELLESY-
481,EADCGTRPLFEKKKVTDNSEKELLESYI
482,ESNCGLRPLFEMKGTKDGKEQELLESY-
483,EADCGNRPLFEKKKITDKSERELLDSY-
484,EADCGLRPLFEKKSLEDKKEKELLDSYI
485,EADCGTRPLFEKKKITDKSERELLDSY-
486,EGDCGTRPLFEKKKVTDKSEKELLESYI
487,EADCGLRPLFERKSVKDATEDELFESYI
488,EADCGTRPLFEKKKLTDKSEKELLESYI
489,EADCGLRPLFEKKSLEDETEQELLESYI
490,ESVCGERPLFEKLKKKDRNEAELLESY-
491,EADCGTRPLFEKKKVMDRSEKELLKSYI
492,EADCGTRPLFEKKKVTDKSEKELLESYM
493,EADCGTRPLFEKKKITDKSERELLDSY-
494,EADCGTRPLFEKKKVTDKSEKELLESYM
495,ELVCGERPLFEKVNKKDAKEQELLDSY-
496,EADCGTRPLFEKKKLTDKSEKELLESYM
497,EADCGTRPLFEKKKVTDKSEKELLDSYI
498,EADCGLRPLFEKKSVEDKTEHELFDSYI
499,EADCGLRPLFEKKSVEDQTESELLQSYV
500,ESDCGQRPLFEKKNKQDAKEEELLASY-
501,EADCGTRPLFEKKKVTDKSEKELLASYM
502,EADCGTRPLFEKKKIMDKSEKELLESY-
503,EQECGERPLFEKISKEDKNEKELLTSY-
504,EADCGTRPLFEKKKLTDKSEKELLDSY-
505,EADCGSRPLFEKKKITDKSERELLDSY-
506,EADCGSRPLFEKKKITDKSERELLDSY-
507,EADCGTRPLFEKKKVKDKSEKELLESYM
508,ESVCGERPLFEKKSKTDAKEHELLESY-
509,EADCGTRPLFEKKKITDKSERELLDSYI
510,EAVCGERPLFEKVNKKDNKEAELLESY-
511,ETVCGERPLFEKQYKEDANEKQLLESY-
512,EADCGTRPLFEKKKITDKSERELLDSY-
513,EADCGNRPLFEKKKVTDKSERELLDSY-
514,EADCGTRPLFEKKKVTDKSEKELLESYM
515,ESDCGQRPLFEKQNKKDAKEDELLESY-
516,EGVCGERPLFEKQNKQDAKEAELLESY-
517,EADCGTRPLFEKKKLTDKSEKELLDSYM
518,EADCGTRPLFEKKKVTDKSEKELLESYI
519,EDECGLRPLFEKLNKQDTNEDELLESY-
520,EADCGTRPLFEKKKITDKSERELLDSY-
521,EADCGTRPLFEKKKITDQSEKELLDSY-
522,EADCGTRPLFEKKKVMDKSEKELLASYI
523,ELECGERPLFEKVNKEDATEIELIKSY-
524,ELECGERPMFEKVNKDDATESELIKSY-
525,EADCGTRPLFEKKKVMDKSEKELLESYI
526,EADCGTRPLFEKKKVTDKSEKELLDSYI
527,EADCGTRPLFEKKKVTDKSEKELLDSYI
528,EADCGTRPLFEKKKVTDKSEKELLESY-
529,EADCGKRPLFEKKKVTDRTEKELLES--
530,EADCGIRPLFEKKKISDSTENELLESYL
531,EADCGTRPLFEKKKVTDKSEKELLDSY-
532,EADCGTRPLFEKKKITDKSERELLDSY-
533,EADCGSRPLFEKKKITDKSERELLDSY-
534,ESECGVRPLFEKISKQDGKEAELLESY-
535,EADCGIRPLFEKKRVTDQSERELLDSY-
536,EADCGTRPLFEKKKVTDKSEKELLESYM
537,EADCGTRPLFEKKKTTDQSERELLDSY-
538,ESDCGLRPLFESKGKKDAKEQELLDSY-
539,EADCGLRPLFEKKSVKDATENELMDSYV
540,EADCGLRPLFEKKSLEDNTEQQLLESYI
541,EADCGTRPLFEKKKITDKSEKELLESYI
542,EADCGTRPLFEKKKVTDKSEKELLESYL
543,EADCGTRPLFEKKKITDKSERELLDSY-
544,EADCGTRPLFEKKKITDKSERELLDSY-
545,ESVCGQRPLFEQKGIQDKNENELLESY-
546,EADCGTRPLFEKKKVTDKSEKELLESYI
547,EADCGTRPLFEKKNIVDKSEKELLESY-
548,EADCGTRPLFEKKKVTDKSEKELLMSYM
549,EADCGLRPLFEKKSLKDKTEEELLDSYI
550,EASCGIRPLFEKIGQTDNNEKELLDSYI
551,EADCGLRPLFEQKSLEDKTEGELLESYI
552,EADCGTRPLFEKKKVMDKSEKELLESYI
553,ESECGQRPLFELKGIKDQKEEELLESYM
554,EADCGTRPLFEKKKVADRSEKELLDSYI
555,EADCGTRPLFEKKKITDKSERELLDSY-
556,EADCGTRPLFEKKKVTDKSERELLDSY-
557,EADCGLRPLFEKKMKQDKTEQELLDSYI
558,EADCGTRPLFEKKKVTDKSEKELLESY-
559,EADCGIRPLFEKKNIQDKSEEEVMKSY-
560,ESECGQRPLFEKKDKKDMKEDELLESY-
561,EADCGTRPLFEKKKVTDNSERELLDSY-
562,EADCGTRPLFEKKKITDKSERELLDSY-
563,ESVCGLRPLFEQKGKQDKNERELLDSY-
564,ESECGQRPLFEKKGVKDRKEEELLESY-
565,EADCGTRPLFEKKKVTDKSEKELLESYI
566,EADCGLRPLFEKKSLQDQTESELLDSYI
567,EAVCGQRPLFEKLNKKDTKEVELLESY-
568,ELVCGERPLFEKVNKEDATEVELIKSY-
569,EADCGTRPLFEKKKLTDKSEKELLESYI
570,ETDCGIRPLFEKKKITDKSEKELLDSYV
571,EADCGTRPLFEKKKITDKSERELLESY-
572,EADCGTRPLFEKKKVTDKSEKELLESYI
573,EADCGTRPLFEKKKVMDNSEKELLESYI
574,EADCGTRPLFEKKKVTDKSEKELLESYI
575,EADCGLRPLFENKSRADQTEHELLESYI
576,EADCGTRPLFEKKKVADKSEKELLESYI
577,EADCGTRPLFEKKKVTDRTEKELLESYM
578,EADCGTRPLFEKKKVTDKSEKELLESYI
579,EADCGTRPLFEKKKVTDKSEKELLESYM
580,EADCGTRPLFEKKKVADKSEKELLESYI
581,EADCGLRPLFEKKSRKDETEKELLDSYI
582,EAVCGLRPLFEKKNVQDKTEDELLASYM
583,EADCGTRPLFEKKKITDKSERELLDSY-
584,EADCGTRPLFEKKKTTDKSERELLDSY-
585,EADCGTRPLFEKKKITDKSERELLDSY-
586,EADCGTRPLFEKKKITDKSERDLLDSY-
587,EADCGTRPLFEKKKVTDQSEKELLESY-
588,EADCGTRPLFEKKKVTDKSEKELFESYM
589,EADCGTRPLFEKKKVIDKSEKKLLESY-
590,EADCGTRPLFEKKRVTDKGEKELLESYI
591,EADCGTRPLFEKKKVTDKTEKELLESYM
592,EADCGIRPLFEKKKLADRTEEELLESY-
593,ESVCGERPLFERINKKDGKENELLESY-
594,EADCGTRPLFEKKKVADKSEKELLDSYI
595,EADCGTRPLFEKKKITDKSEKELLDSY-
596,EADCGTRPLFEKKKAMDRSEKELLDSYI
597,EADCGTRPLFEKKKVTDKSEKELLESYM
598,EADCGTRPLFEKKKITDKSERELLDSY-
599,EADCGIRPLFEKKKITDKSERELLDSY-
600,EADCGLRPLFEKKSLEDSTEKELLDSYI
601,EAVCGLRPLFEKKSVVDQTDQELLDSYV
602,EADCGTRPLFEKKKVMDKSEKELLRSYI
603,EADCGIRPLFEKQKVTDQSEKELLDSYM
604,EADCGTRPLFEKKKITDKSEKELLESY-
605,EADCGTRPLFEKKKVTDKSEKELLESYI
606,EADCGIRPLFEKIKVTDKNEKELLDSY-
607,EADCGTRPLFEKKKITDRSERELLDSY-
608,EADCGTRPLFEKKKVTDESEKELLDSYM
609,EADCGTRPLFEKKKITDKSEKELLESY-
610,EADCGTRPLFEKKKITDQSERELLDSY-
611,EADCGTRPLFEKKKVTDKSEKELLESYI
612,EADCGLRPLFEKKSLEDKTEGELLESYI
613,EADCGTRPLFEKKKISDKSEQELLASYI
614,EADCGLRPLFEKKGIQDASEDKLLASYI
615,EADCGTRPLFEKKKITDKSEKELLESYI
616,EADCGTRPLFEKKKVTDKSEKELLESYV
617,EADCGIRPLFEKKKITDKSEKELLDSY-
618,EADCGTRPLFEKKKVTDKSEKELLMSYM
619,EADCGTRPLFEKKKVTDKSEKELLESYI
620,EADCGTRPLFEKKKITDKSERELLDSY-
621,ESVCGERPLFEKIKKVDGKEAELLESY-
622,EADCGIRPLFEKKKISDKSEQELLASYI
623,EADCGLRPLFEKRSVKDKTEGELLESYI
624,EADCGTRPLFEKKKVTDKSEKELLESYM
625,EADCGLRPLFEKKSREDKTEQELLESYI
626,ESVCGERPLFEKQNKVDAKENELLDSY-
627,EADCGTRPLFEKKKVTDKSEKELLESYM
628,EADCGTRPLFEKKKVTDKSEKELLESYM
629,EADCGTRPLFEKKKITDKSERELLDSY-
630,EADCGTRPLFEKKKITDKSERELLDSY-
631,ESVCGQRPLFEKQNKVDAKENELLDSY-
632,EADCGTRPLFEKKRVTDKGEKELLESYI
633,EDDCGQRPLFEKISKKDQNEAELVQSY-
634,EQECGVRPLFEKINKEDKNEKELLMSY-
635,ESECGQRPLFEKQNKVDAKENELLDSY-
636,EADCGLRPLFENKLVQDKTEQELFDSYI
637,ELECGERPLFEKINKEDATEAELIKSY-
638,EADCGTRPLFEKKKVTDKSEKELLESYM
639,EADCGTRPLFEKKNVMDKSEGELLESYM
640,EADCGNRPLFEKKMITDKSEKELLESYM
641,EADCGTRPLFEKKKVMDKSEKELLESYI
642,EADCGTRPLFEKKKVTDKSEKELLESYM
643,EADCGIRPLFEKKKLADRTEKELLESY-
644,EADCGTRPLFEKKKITDKSEKELLESYI
645,EADCGTRPLFEKKKVTDKSEKELLESY-
646,EADCGLRPLFEKKSLEDKTEGELLESYI
647,EADCGTRPLFEKKKVTDQSERELLDSY-
648,EADCGTRPLFEKKKITDKSERELLDSY-
649,ELECGERPLFEKENKQDATEKELIESY-
650,EADCGTRPLFEKKKVQDKSEKELLESYI
651,EADCGTRPLFEKKKVTDKSEKELLASYI
652,EADCGTRPLFEKIKVQDKSEKELLESYI
653,EADCGTRPLFEKKKITDKSERELLDSY-
654,EADCGTRPLFEKKKATDKSEKELLDSYI
655,EADCGTRPLFEKKKVTDKSEKELLESYI
656,EADCGTRPLFEKKKLTDKSEKELLESYI
657,EADCGTRPLFEKKKVTDQSERELLDSY-
658,EADCGIRPLFEKKKLTDKSEKELLDSYI
659,ETDCGIRPLFEKKKISDKSEQELLDSYV
660,EADCGTRPLFEKKKLTDKSEKELLESYI
661,EQECGERPMFEKANREDKNEKELLMSY-
662,EADCGTRPLFEKKKITDKSERELLDSY-
663,EADCGTRPLFEKKKITDKSEKELLESYI
664,EADCGLRPLFEKKLVKDKTEQELLESYI
665,EADCGTRPLFENKKVTDQSEKELLDSYM
666,EADCGTRPLFEKKKLTDKSERELLDSY-
667,EADCGTRPLFEKKKVTDRSEKELLESY-
668,EADCGMRPMFEKLGKEDAKEKELLESY-
669,EADCGSRPLFEKKKEKDKSEHELLESY-
670,EADCGLRPLFEKKLVKDKTEHELLESYI
671,EDVCGRRPLFESKSVKDGKEEELLESY-
672,EADCGTRPLFEKKKVTDKSEKELLESY-
673,EADCGTRPLFEKKKVTDKSEKELLESYM
674,ESVCGERPLFEKVKKQDAKEAELLESY-
675,EADCGLRPLFEKKGVQDKTEMELLESYI
676,EADCGTRPLFEKKKLTDQSEKELLES--
677,EADCGTRPLFEKKKVADRSEKELLESYI
678,EADCGTRPLFEKKKVTDQSEKELLESYI
679,ESVCGERSLFEKLNKKDANEDELLESY-
680,EDECGRRPLFEQINNKDASEDELLQSY-
681,EDECGRRPLFEQINNKDASEDELLQSY-
682,EADCGTRPLFEKKKITDKSERELLDSY-
683,EADCGIRPLFEKKKIKDKSEKELLESYI
684,EADCGLRPLFEKKSRGDKSEAELLASYI
685,EADCGLRPLFEKKSKKDKTEKELLDSYI
686,EADCGTRPLFEKKKVTDKSEKELLDSY-
687,EADCGTRPLFEKKKVTDKSEKELLDSY-
688,EADCGTRPLFEKKKVADNSEKELLESY-
689,EADCGTRPLFEKKKLTDKSEKELLESYM
690,EADCGLRPLFEKKLVKDKTEHELLESYI
691,EADCGTRPLFEKKKVTDKSEKELLESYM
692,EADCGTRPLFEKKKVTDKTEKELLESYI
693,EADCGTRPLFEKKKVTDKSEKELLESYI
694,EADCGTRPLFEKIKVTDKNEKELLDSY-
695,EADCGTRPLFEKKKVTDKSEKELLDSY-
696,EADCGTRPLFEKKKVTDKSEKELLDSYM
697,EADCGTRPLFEKKKVTDKSEKELLESYM
698,EADCGTRPLFEKKKLTDQSEKELLES--
699,EADCGTRPLFEKKKLTDKSEKELLESYM
700,ESVCGERPLFEKLKKKDRNEAELLESY-
701,EADCGLRPLFEKKSQEDKTENELFESYI
702,EADCGLRPLFEKKSLKDETEKELLDSYI
703,EADCGLRPLFEKKSVKDKTEEELLESYI
704,EADCGTRPLFEKKKVTDKSEKELLESYM
705,EADCGIRPLFEKKKLTDKTEKELLESYM
706,EADCGLRPLFEKKSRKDETEKELLDSYM
707,EADCGTRPLFEKKKITDKSERELLDSY-
708,EEVCGERPLFEKVGKEDAKEKELLESY-
709,EADCGLRPLFEKKSLEDKTEGELLESYI
710,EADCGIRPLFEKKKITDKSEKELLDSY-
711,EQECGVRPMFEKITKEDKNEKELLMSY-
712,EADCGTRPLFEKKKVTDKSEKELLESY-
713,EADCGTRPLFEKKKVTDKSERELLDSY-
714,EADCGTRPLFEKKKAIDKSERELLDSY-
715,EADCGIRPLFEKQKVTDQSEKELLDSYM
716,EADCGIRPLFEEKKITDKSERELLDSY-
717,EADCGIRPLFEKKKITDKSERELLDSY-
718,EADCGIRPLFEKKKITDKSERELLDSY-
719,EADCGTRPLFEKKKVTDKSEKELLESYI
720,EADCGSRPLFEKKKVTDKGEKELLDSYI
721,EADCGIRPLFEKIKIADKSEKELLDSY-
722,EADCGTRPLFEKKKITDKSERELLDSY-
723,ELVCGERPMFEKISKKDGREQELIDSY-
724,EADCGTRPLFEKKKVTDKGEKELLDSYM
725,EADCGIRPLFEKKKIQDNSEQELEESY-
726,EADCGLRPLFEKKGVQDKTEAQLLESYI
727,EADCGTRPLFEKKEITDQSEKELLDSYI
728,EADCGTRPLFEKKKVTDQSERELLDSY-
729,EADCGIRPLFEKKKVTDQSEKELLESYM
730,ENECGQRPLFEKKSKKDTKEDELLESY-
731,EADCGTRPLFEKKKVTDKSEKELLDSYM
732,EADCGLRPLFEKKLLTDKTEKELLDSYI
733,EADCGLRPLFEKKSQKDKTEKELLDSYI
734,EADCGTRPLFEKKKITDKSERELLDSY-
735,EADCGTRPLFEKKKVTDKSEKELLESY-
736,EADCGKRPLFEKKKVTDKSEKELLDSYI
737,EADCGTRPLFEKKKVVDKSEKELLESYM
738,EADCGTRPLFEKKKVTDKSEKELLESYM
739,EADCGTRPLFEKKKITDKSEKELLESYI
740,EADCGTRPLFEKKKVTDKSEKELLESY-
741,EADCGTRPLFEKNQKTDQSEKELLKSYI
742,EADCGTRPLFEKKKVTDKSEKELLDSYI
743,EADCGTRPLFEKKKVTDKSEKELLDSY-
744,EADCGIRPLFEKKKVTDQSEKELLESYM
745,EADCGTRPLFEKKKVTDKSERELLDSY-
746,EADCGTRPLFEKKKVTDQSERELLDSY-
747,EADCGLRPLFEKKSLIDKTEKELLDSYI
748,ELECGERPLFEKLNKGDATEIELIKSY-
749,EADCGTRPLFEKKKLTDKSEKELLESY-
750,ESDCGRRPLFEKINKKDAKEDELLESY-
751,EADCGTRPLFEKKKVTDKGEKELLESY-
752,EADCGLRPLFEKKLVKDKTEQELLESYI
753,EADCGTRPLFEKKKLTDKSEKELCESYM
754,EADCGTRPLFEKRKTMDKSEKELLESYV
755,EADCGLRPLFEKKGIDDGSEHKLLESYV
756,EADCGTRPLFEKKKVKDKSEKELLESYM
757,EADCGTRPLFEKKKVIDKSEKELLESYM
758,EADCGIRPLFEKKNIKDKNERELLKSY-
759,ELECGVRPMFEKVKKSDGAEGELLESY-
760,EQECGVRPLFEKLSKEDKNEKELLLSY-
761,EADCGLRPLFEKKKLQDQTETELFESYI
762,ELECGERPLFEKVHKDDKTEIELVKSY-
763,EQECGVRPMFEKVSKEDKNELELLKSY-
764,EQECGVRPLFEKINKEDKNEKELLMSY-
765,EADCGLRPLFEKKSLKDKTEEELLDSYI
766,ELECGERPMFEKETKQDQNEKELLESY-
767,EADCGLRPLFENKLVQDKTEQELFDSYI
768,EADCGTRPLFEKKKVTDRSEKELLESYI
769,EADCGIRPLFEKKKISDKSEQELLASYI
770,ESECGLRPLFEKKGKKDTKEEELLESY-
771,EADCGLRPLFEKNSAEDKTEKELLDSYI
772,EADCGTRPLFEKKKVEDKTEKELLESYI
773,EADCGIRPLFEKKKIVDDTEKELMESY-
774,EADCGTRPLFEKKKVKDKSEKELLESYM
775,EADCGTRPLFEKKKVTDKSEKELLESY-
776,EADCGTRPLFEKKKVTDPSERELLDSY-
777,EADCGTRPLFEKKKITDKSEKELLDSYI
778,EAACGTRPLFEKIKVTDKSEKELLESYM
779,EADCGTRPLFEKKKVTDRSEKELLDSY-
780,EADCGTRPLFEKKKVTDKSERELLDSY-
781,EADCGIRPLFEKKKISDGTEKELMESY-
782,EADCGIRPLFEKKKIVDGAEKELMESY-
783,EADCGIRPLFEKKKSADRTEKELLESYI
784,EADCGTRPLFEKKRVTDKGEKELLESYI
785,EADCGTRPLFEKKKITDKNERELLDSY-
786,EADCGTRPLFEKKKVTDQSERELLDSY-
787,EADCGTRPLFEKKKVTDKSEKELLESYI
788,ETDCGIRPLFEKKQISDKSEHELLDSYI
789,EADCGSRPLFEKKKVTDKGEKELLDSYI
790,EADCGLRPLFEKKFLEDKTEKELLGSYI
791,EQECGVRPLFEKIHKEDKNEKELLASY-
792,EQECGVRPLFEKIHKEDTNEKELLASY-
-1,EADCGLRPLFEKKSREDKTEQELLESYI
-1,EADCGLRPLFEKKSLEDKTEQELLESYI
-1,EADCGLRPLFEKKSLEDKTEQELLESYI
-1,EADCGLRPLFEKKSLEDKTEQELLESYI
-1,EADCGLRPLFEKKSVEDKTEKELLDSYI
-1,EADCGLRPLFEKKSRKDKTEKELLDSYI
-1,EADCGLRPLFEKKSRKDKTEKELLDSYI
-1,EADCGLRPLFEKKSVKDKTEKELLDSYI
-1,EADCGLRPLFEKKSVEDKTEKELLDSYI
-1,EADCGLRPLFEKKSQEDKTEKELLDSYI
-1,EADCGLRPLFEKKSVKDKTEEELLESYI
-1,EADCGLRPLFEKKSVKDKTEDELLESYI
-1,EADCGLRPLFEKKSIEDATEQELLESYV
-1,EADCGLRPLFEKKSQKDKTEKELLDSYI
-1,EADCGLRPLFEKKSQKDKTEKELLDSYI
-1,EADCGLRPLFEKKSLEDKTERELLESYI
-1,EADCGLRPLFEKKSLEDKTERELLESYI
-1,EADCGIRPLFEKKNIADKTEKELLESYI
-1,EADCGLRPLFEKKSLEDKTERELLESYI
-1,EADCGTRPLFEKKKVEDKTEKELLESYI
-1,EADCGLRPLFEKKLVKDKTEQELLESYI
-1,EADCGLRPLFEKLSKDDKTEHELLESYI
-1,EADCGLRPLFEQMSKEDKTEEELLESYI
-1,EADCGLRPLFEKKMKQDKTEQELLDSYI
-1,EADCGLRPLFEKKSVKDKTETELLDSYI
-1,EADCGLRPLFEKKSLKDKTEEELLDSYI
-1,EADCGSRPLFEKLHVSDKTEQELLDSYL
-1,EADCGLRPLFEQKSLEDKTEEELLESYI
-1,EADCGSRPLFEKLHVSDKTEQELLDSYL
-1,EADCGLRPLFEKKSLEDKMEQELLESYM
-1,EADCGLRPLFEKKSLTDKTEKELLDSYI
-1,EADCGLRPLFEKKSVKDKTEKELMDSYI
-1,EADCGLRPLFEKKSLEDKKEKELLDSYI
-1,EADCGLRPLFEKKTVKDKTEDELLDSYI
-1,EADCGLRPLFEKRSVQDKTEKELLDSYI
-1,EADCGLRPLFEKKSVSDKTENELLDSYI
-1,EADCGLRPLFEKKSLEDSTEKELLDSYI
-1,EADCGLRPLFEKKRLEDKTEKELLDSYV
-1,EADCGLRPLFEKKLVKDKTEHELLESYI
-1,EADCGIRPLFEKKKIKDKSEKELLESYI
-1,EADCGLRPLFEKKSLKDETEKELLDSYI
-1,EADCGLRPLFEKKSLIDKTEKELLDSYI
-1,EADCGLRPLFEKKSVEDKTEHELFDSYI
-1,EADCGLRPLFEKKSVEDQTQQELLDSYI
-1,EADCGLRPLFEKQSLKDKTEKELLDSYV
-1,EADCGLRPLFEQKSLEDKTEGELLESYI
-1,EADCGLRPLFEKKLVKDKTEHELLESYI
-1,EADCGLRPLFEKKSLEDKTEKKLLESYI
-1,EADCGLRPLFEKKSQEDKTENELFESYI
-1,EADCGLRPLFEKKSLEDKREKELLDSYI
-1,ESDCGLRPLFEKKSVEDKSEHELLESYI
-1,EADCGLRPLFEKNSAEDKTEKELLDSYI
-1,EAVCGKRPLFEQINKEDSTDKELLESYV
-1,EADCGKRPLFEKINKEDATDKELLQSYV
-1,EADCGLRPLFEKKSLEDKTEKKLLESYI
-1,EAVCGKRPLFEQINKEDSTDKELLESYV
-1,EAVCGLRPLFEQKSVEDKGEKELLESYM
-1,EAVCGLRPLFEQKSVEDKGEKELLESYM
-1,-ADCGLRPLFEKKDLEDKTEQELLDSYI
-1,EADCGLRPLFEKKSLQDQTESELLDSYI
-1,EADCGLRPLFEKKSLQDQTESELLDSYI
-1,ESDCGLRPLFEKTNKKDKTEDELLESY-
-1,EADCGLRPLFEKKSLEDNTEQQLLESYI
-1,EADCGLRPLFEKKSVEDQTESELLQSYV
-1,EADCGLRPLFEKRLVKDKTEHELLDSYI
-1,EADCGIRPLFEKKNIADKTEKDLLESYI
-1,EAVCGLRPLFEKKSVVDQTDQELLDSYV
-1,EAECGLRPLFEQKSVEDKSEKELLESYM
-1,EADCGTRPLFEKKKVKDKSEKELLESYM
-1,EADCGTRPLFEKKNVKDKSEKELLESY-
-1,EADCGSRPLFEKKKVTDKGEKELLDSYI
-1,EADCGSRPLFEKKKITDKSEKELLESYI
-1,EADCGLRPLFEKKSVKDATEDELFESYI
-1,EADCGLRPLFEKKNVKDKTEAQLLDSYI
-1,EADCGTRPLFEKKKVTDKSEKELLESYI
-1,EQDCGVRPLFEKISKEDKNEKELLMSY-
-1,EQDCGVRPLFEKISKEDKNEKELLMSY-
-1,EADCGTRPLFEKKKITDKSEKELLESYI
-1,EADCGKRPLFEKKKVTDKSEKELLDSYI
-1,EADCGLRPLFEKSLVKDKTEHELLESYI
-1,EADCGTRPLFEKKKITDKSEKELLESYI
-1,EADCGIRPLFEKKKIQDKSEKELLESYM
-1,EADCGTRPLFEKKKVTDKSEKELLESYI
-1,EADCGLRPLFEKKSRLDKSEAELLESYI
-1,EADCGVRPLFEKKKISDSTENELLESYL
-1,EADCGLRPLFEKKSQSDKSEAELLESYI
-1,EADCGLRPLFEKKLLTDKTEKELLDSYI
-1,EADCGIRPLFEKKSLQDNSEQELLDSYI
-1,EADCGLRPLFEKKLLEDKTEGELLESYI
-1,EQDCGVRPLFEKISKEDKNEKELLMSY-
-1,ETDCGIRPLFEKKKISDKSEQELLDSYI
-1,ETDCGIRPLFEKKKISDKSEQELLDSYI
-1,ETDCGIRPLFEKKKISDKSEQELLDSYI
-1,EADCGIRPLFEKKKISDPTENELLESYL
-1,EQECGVRPLFEKIHKEDKNEKELLASY-
-1,EADCGIRPLFEKKKISDSTENELLESYL
-1,EADCGLRPLFENKSRADQTEHELLESYI
-1,EQECGVRPLFEKIHKEDKNEKELLASY-
-1,EADCGTRPLFEKKKVTDKSEKELLDSYI
-1,EADCGTRPLFEKKKLTDKSEKELLESYI
-1,EADCGIRPLFEKKKLADRTEKELLESYM
-1,EADCGTRPLFEKKKVTDKSEKELLDSYI
-1,EADCGIRPLFEKIKVTDKNEKELLDSY-
-1,EADCGTRPLFEKKNIVDKSEKELLESY-
-1,ETDCGIRPLFEKKKISDKSEQELLDSYV
-1,EADCGIRPLFEKKKISDKSEQELLASYI
-1,EAVCGQRPLFELKKKEDKSEQELLDSYI
-1,ESDCGRRPLFEKINKKDAKEDELLESY-
-1,EQECGVRPLFEKINKEDKNEKELLMSY-
-1,EADCGIRPLFEKKKISDSTENELLESYL
-1,ESDCGRRPLFEKINKKDAKEDELLESY-
-1,EDECGVRPLFEKISKEDKNEKELLMSY-
-1,EQECGVRPLFEKIHKEDKNEKELLASY-
-1,EADCGLRPLFEKSLVKDKTEHELLDSYI
-1,EADCGLRPLFEKKFLEDKTEKELLGSYI
-1,EADCGLRPLFEKSSLEDKTERELFESYI
-1,EADCGLRPLFEKKSVKDATENELMDSYV
-1,EADCGLRPLFENKSRADQTEHELLESYI
-1,EADCGLRPLFENKSRADQTEHELLESYI
-1,EQECGERPLFEKINKEDKNEKELLMSY-
-1,EADCGLRPLFEKKKLQDKTEAELFESYI
-1,EQECGERPLFEKINKEDKNEKELLMSY-
-1,ELDCGERPLFEKINKADKNEKELLMSY-
-1,-ADCGLRPLFEKKSVEDRKEKELLDSYI
-1,EAVCGLRPLFEKKNVQDKTEDELLASYM
-1,ELVCGERPLFEKVNKKDAKEQELLDSY-
-1,EADCGTRPLFEKKKLMDKSEKELLESYI
-1,EADCGTRPLFEKKKVTDKSEKELLESYL
-1,EADCGTRPLFEKKKVTDKSEKELLESYM
-1,EADCGTRPLFEKKKIKDKSETELLESYM
-1,EAVCGLRPLFEQKSVEDKGEKELMESYM
-1,EADCGTRPLFEKKKVTDKSEKELLESYM
-1,EADCGLRPLFEKKSLKDEREEELLESYI
-1,EEDCGLRPLFEKKSLEDKTENELFESYI
-1,EADCGLRPLFEKKELKDNSEQELLDSYM
-1,EADCGLRPLFEKKRVKDKTEAQLLDSYI
-1,ELDCGERPLFEKINKADKNEKELLMSY-
-1,EDECGVRPLFEKINKDDKNEKELLMSY-
-1,EQECGVRPLFEKISKEDKNEKELLMSY-
-1,EQECGVRPLFEKISKEDKNEKELLMSY-
-1,ETECGVRPLFEKINKKDNKEEELLESY-
-1,EADCGIRPLFEKKKLTDNSEKELLESYI
-1,EADCGTRPLFEKKKVTDKSEKELLDSYM
-1,EADCGSRPLFEKKKEKDKSEHELLESY-
-1,EADCGTRPLFEKKKVTDNSEKELLESYI
-1,EADCGIRPLFEKKKLADRTEKELLESY-
-1,EADCGVRPLFEKKKISDNSEQELLDSY-
-1,EADCGLRPLFEKKKLQDQTETELFESYI
-1,EADCGLRPLFEKKGVQDKTEAQLLESYI
-1,EQECGERPLFEKISKEDKNEKELLTSY-
-1,EADCGTRPLFEKKKLTDKSEKELLESYM
-1,EAVCGERPLFEKVNKKDNKEAELLESY-
-1,EADCGTRPLFEKKKVADKSEKELLESY-
-1,ENDCGQRPLFEKISKKDAKEDELLESY-
-1,EADCGTRPLFEKKKVTDKSEKELLESY-
-1,EADCGTRPLFEKKKITDKSEKELLESY-
-1,EAACGTRPLFEKIKVTDKSEKELLESYM
-1,EADCGIRPKFEKSNIKDKSEHELLESYI
-1,ENDCGQRPLFEKISKKDAKEDELLESY-
-1,EQVCGERPMFEKVNKKDAKEQELLDSY-
-1,EAVCGLRPLFEQKKVADKSEAELLESYI
-1,EQECGVRPLFEKITKEDKNEKELLMSY-
-1,EAGCGLRPLFEKKGLEDNTEKELMESYI
-1,EADCGIRPLFEEKKIPDSTENELLESYL
-1,EADCGTRPLFEKRKTMDKSEKELLESYI
-1,EQECGVRPLFEKIHKEDTNEKELLASY-
-1,EADCGIRPLFEKKQISDNTENELLESY-
-1,EADCGLRPLFENKLVQDKTEQELFDSYI
-1,EADCGTRPLFEKKRVTDKTEKELMESY-
-1,EADCGTRPLFEKKEITDQSEKELLDSYI
-1,EADCGMRPMFEKLGKEDAKEKELLESY-
-1,EADCGIRPLFEKKQISDNTENELLESY-
-1,EADCGVRPLFEKKKTPDNSEHELLESYL
-1,EDDCGQRPLFEKISKTDQKEAELLESY-
-1,ELECGERPLFEKISKEDKNEMELLMSY-
-1,ETDCGLRPLFEKRQLEDESEQELLESYI
-1,EQECGVRPMFEKVNKEDKNEKELLMSY-
-1,ETDCGIRPLFEKKKITDKSEQELLDSY-
-1,EDDCGQRPLFEKISKTDQKEAELLESY-
-1,EADCGLRPLFENKLVQDKTEQELFDSYI
-1,ESVCGERPLFERINKKDGKENELLESY-
-1,EDDCGQRPLFEKIDKEDTKEEELLESY-
-1,ESVCGQRPLFEQKGKQDKNENELLESY-
-1,EADCGNRPLFEKKMITDKSEKELLESYM
-1,EQECGVRPMFEKITKEDKNEKELLMSY-
-1,EADCGTRPLFEKKQVTDRSEKELLESYV
-1,EADCGTRPLFEKRKTMDKSEKELLESYV
-1,EADCGLRPLFEKKSRGDKSEAELLASYI
-1,ESVCGERPLFEKKSKTDAKEHELLESY-
-1,ESDCGLRPLFESKGKKDAKEQELLDSY-
-1,ESVCGQRPLFEQKGKQDKNENELLESY-
-1,ESVCGLRPLFEQKGKQDKNERELLDSY-
-1,ESVCGQRPLFEQKGKQDKNENELLESY-
-1,EASCGIRPLFEKIGQTDNNEKELLDSYI
-1,ESECGQRPLFEKMNKKDSKEDELLESY-
-1,EDDCGQRPLFEKKNKQDAKEGELLESY-
-1,EDDCGQRPLFEKIDKEDTKEEELLESY-
-1,EQECGVRPMFEKVNKEDKNEKELLASY-
-1,EADCGLRPLFEKKSAEDTAEKELLASYI
-1,ESECGVRPLFEKISKQDGKEAELLESY-
-1,EADCGIRPLFEEKKIADSTENELLESYL
-1,EADCGSRPLFEKKKITDKSERELLDSY-
-1,ETACGERPLFEKINKLDSKESELLESY-
-1,ETACGERPLFEKINKLDSKESELLESY-
-1,EGVCGLRPLFEQKKIADKSEAELLESYI
-1,ESECGLRPLFEKKGKKDTKEEELLESY-
-1,EQECGVRPMFEKVKKEDKNEKELLMSY-
-1,ESVCGLRPLFEQKSQEDKNEKELLETY-
-1,ESECGQRPLFEKKGKKDAKEDELLESY-
-1,ESECGERPLFEKKGKKDTKEDELLESY-
-1,ENGCGLRPLFEEKNIEDNGEKELLESYI
-1,EADCGTRPLFEKKKAMDRSEKELLDSYI
-1,EADCGIRPMFERVNKQDATEKELSESYI
-1,EADCGTRPLFEKKQITDRSEKELLESYM
-1,ENMCGMRPLFEKKNKEDAKEKELLESY-
-1,ESECGQRPLFEKKGKKDAKEDELLESY-
-1,ETACGMRPLFEKKNKEDANEKELVESY-
-1,ESVCGERPLFEKLKKKDRNEAELLESY-
-1,ELECGERPLFEKIQKDDKTEIELLKSY-
-1,ESVCGERPLFEKIKKVDGKEAELLESY-
-1,EIVCGERPLFEKQNKKDANEDELLESY-
-1,ESVCGERPLFEKLKKKDRNEAELLESY-
-1,ESECGERPLFEKKGKKDTKEDELLESY-
-1,EAVCGQRPLFEKLNKKDTKEVELLESY-
-1,EDECGLRPLFEKLNKQDTNEDELLESY-
-1,ESVCGLRPLFEQKSQEDKNEKELLETY-
-1,ELQCGERPLFEKISKEDKNEMELLMSY-
-1,EQECGVRPMFEKVKKEDKNEKELLMSY-
-1,ELVCGERPFFEKTKKEDQNEQELLESY-
-1,EADCGTRPLFEKKKITDKSERELLDSY-
-1,EADCGLRPLFEKKEVKDNTELKLLDSYI
-1,EAGCGLRPLFEKKGLKDNSENELLDSYI
-1,EADCGTRPLFEKKQITDQSEKELLDSYM
-1,ETACGERPLFEKINKLDSKESELLESY-
-1,ESNCGLRPLFEMKGIKDGKEQELLESY-
-1,ESVCGQRPLFEQKGIQDKNENELLESY-
-1,ENECGQRPLFEKKGIKDKKEEELLESY-
-1,---CGKRPLFEKINKEDATDKELLQSYV
-1,ETDCGLRPLFEKKGVKDTTEEQLLDSYI
-1,EADCGIRPLFEKVAASDKTERELLQSY-
-1,EADCGTRPLFEKKKLTDKSEKELCESYM
-1,ESVCGQRPLFEKLGKKDTTEDELLDSY-
-1,ENVCGQRPLFEASNKKDKNEQELLDSY-
-1,ESECGERPLFEKQNKQDSKEEELLESY-
-1,EMVCGERPLFEKISKKDGREQELIDSY-
-1,ESNCGLRPLFEMKGIKDGKEQELLESY-
-1,ENECGQRPLFEKKSKKDTKEDELLESY-
-1,EEVCGERPLFEKVGKEDAKEKELLESY-
-1,EDDCGQRPLFEKISKKDQNEAELVQSY-
-1,EGECGLRPLFEKENKKDAKEEELLESY-
-1,ELECGVRPLFEKIHKTDSTEQDLTESY-
-1,EGECGLRPLFEKENKKDAKEEELLESY-
-1,EQECGVRPLFEKLSKEDKNEKELLLSY-
-1,ELECGERPLFEKVHKDDKTEIELVKSY-
-1,ESVCGERPLFEKVKKQDAKEAELLESY-
-1,ELVCGERPMFEKISKKDGREQELIDSY-
-1,ELVCGERPMFEKISKKDGREQELIDSY-
-1,EADCGTRPLFEKKKVTDKSEKELLSSY-
-1,ELVCGERPMFEKISKKDGREQELIDSY-
-1,ESVCGERPLFEKLNKKDAKENELMESY-
-1,ESVCGVRPLFEQVSRVDNGEKEMLESY-
-1,EADCGLRPLFEKKGIDDGSEHKLLESYV
-1,ELVCGERPMFEKISKKDGREQELIDSY-
-1,EDECGRRPLFEQKNKKDASEDELLQSY-
-1,ESSCGLRPLFELKSKKDAKEQELLDSY-
-1,ESECGQRPLFEKKGVKDRKEEELLESY-
-1,EADCGLRPLFEKKSLTDETEKELFLSYI
-1,ELECGERPLFEKENKQDATEKELIESY-
-1,ELECGERPLFEKINKEDATEAELIKSY-
-1,ELVCGERPMFEKISKKDGREQELIDSY-
-1,ELVCGERPMFEKISKKDGREQELIDSY-
-1,ESECGLRPLFEKKGIKDTKEEELLESY-
-1,EADCGIRPLFEEKNICDSTENELVESYL
-1,ESVCGVRPLFEQVSRVDNGEKEMLESY-
-1,ELVCGERPMFEKISKKDGREQELIDSY-
-1,ETDCGIRPLFEKKQISDKXERELLDSY-
-1,ELECGERPLFEKVNKEDATEIELIKSY-
-1,EMVCGERPMFEKISKKDSREQELIDSY-
-1,EADCGIRPLFEKKKIVDGAEKELMESY-
-1,EADCGTRPLFEKNQKTDQSEKELLKSYI
-1,ESECGQRPLFEKKDKKDMKEDELLESY-
-1,EADCGKRPLFEKKKVTDRTEKELLES--
-1,ESECGQRPLFEKQNKVDAKENELLDSY-
-1,ESNCGLRPLFEMKGTKDGKEQELLESY-
-1,EGVCGERPLFEKQNKQDAKEAELLESY-
-1,EMVCGERPMFEKISKKDGREQELIDSY-
-1,EQECGVRPMFEKVSKEDKNELELLKSY-
-1,EADCGTRPLFEKKQITDQSEKELMDSYM
-1,ELECGERPMFEKETKQDQNEKELLESY-
-1,EAVCGTRPLFEKKKITDQSERELLDSY-
-1,EEVCGERPLFEKVQKEDAKESELLESY-
-1,EDECGVRPKFEQIKVKDQNEQELTDSY-
-1,ESVCGVRPLFEKQNKMDTKEEELLESY-
-1,ESACGVRPLFESKGKVDKKENELLESY-
-1,EDKCGERPLFEKLNKQDATEKELAESY-
-1,ELECGDRPMFEKENKQDQNEKELLESY-
-1,ESDCGQRPLFEKVGKKDSKEDELVDSY-
-1,ESECGIRPLFEKKKIADNTEHQLLESYL
-1,ELECGERPMFEKETKQDQNEKELLESY-
-1,EEVCGLRPMFESVNKQDETEQELLDSY-
-1,ELVCGERPWFEKIKTADQNEQELLESY-
-1,EADCGIRPLFEKKKIQDNSEQELEESY-
-1,EDECGVRPKFEQIKVKDQNEQELTDSY-
-1,EDECGIRPKFEQIKVKDQNEQELTDSY-
-1,EDECGRRPLFEQINNKDASEDELLQSY-
-1,EDECGIRPKFEQIKVKDQNEQELTDSY-
-1,EADCGIRPLFEQKKKTDTTESELEESY-
-1,ESECGERPLFEKMNRADTKEAELLESY-
-1,EDVCGRRPLFESKSVKDGKEEELLESY-
-1,ESECGQRPLFELKGIKDQKEEELLESYM
-1,ESECGVRPLFEKMNRADTKEAELLESY-
-1,EDVCGRRPLFESKSVKDGKEEELLESY-
-1,EDECGIRPKFEQIKVKDQNEQELTDSY-
-1,ESECGERPLFEKMNRADTKEAELLESY-
-1,ESECGERPLFEKMNRADTKEAELLESY-
-1,EANCGKRPLFEQKAIKDKKEDELLASY-
-1,ELECGERPLFEKVNKEDATEVELIKSY-
-1,ELVCGQRPMFEKVGTADKKEQELLDSY-
-1,EADCGIRPLFEQKKKTDTTESELEESY-
-1,ESDCGQRPLFEKKGKTDAKEDELLASY-
-1,ESDCGQRPLFEKKGKTDAKEDELLASY-
-1,EADCGIRPLFEKKKITDNSERELEESYL
-1,EADCGIRPLFEKKNIQDKSEEEVMKSY-
-1,EADCGLRPLFEKKGIQDASEDKLLASYI
-1,ETVCGERPLFEKQYKEDANEKQLLESY-
-1,EADCGIRPLFEKKKITDNSERELEESYL
-1,ESVCGERSLFEKLNKKDANEDELLESY-
-1,ELECGERPMFEKVNKDDATESELIKSY-
-1,EEECGVRPLFEKVSKADGTEVELLKSY-
-1,ESVCGERPLFEALKKEDAKEGELLESY-
-1,ESVCGLRPLYEQKGKQDKTESELLASY-
-1,EADCGTRPLFEKKKLTDQSEKELLES--
-1,ELECGVRPMFEKVKKSDGAEGELLESY-
-1,ELECGERPLFEKLNKGDATEIELIKSY-
-1,ELVCGERPKFERENKQDSTEEELLESY-
-1,EADCGIRPLFEKKKLADGTEKELLAS--
-1,ESVCGERPLFELQGKKDTKEDELLESY-
-1,ELVCGERPKFERENKQDSTEEELLESY-
-1,ESVCGQRPLFENHGKKDAKEDELLESY-
-1,EADCGLRPLFEKRKIADDFEQELLES--
-1,EADCGIRPLFEEKDISDSTENELLES--
-1,EADCGLRPLFETKGIEDSSEHKLLESFI
-1,ELDCGNRPLFEGKNTPDNSENELLESY-
-1,EADCGIRPLFEKIGQMDNDEKHLLNSYL
-1,ESECGQRPLFELKGIKDLKEDELLESY-
-1,ENECGQRPLFELKAKQDKKEVELLDSY-
-1,ELECGERPMFEKANKVDKKEGELLES--
-1,ESDCGRRPLFEKVNKEDNGESSMLES--
-1,EMECGLRPLFERINKKDSGEDELIES--
-1,ESVCGERPLFEKQNKVDAKENELLDTF-
-1,ESECGQRPLFEKKGKKDTKEDELMES--
-1,ESVCGMRPLFELANKKDKNEDDLVDSY-
-1,EADCGTRPLFEKQKITDKSEKELLD---
-1,ESECGRRPLFESQGVKDQKEEELVASYI
-1,EQVCGERPMFEKAGQTDSKEKELFDSY-
-1,EQVCGERPMFEKIGKADSREQELLD---
-1,EEECGVRPLFEKVSKADETESDLIKSY-
-1,EEECGVRPLFEKVSKADETESDLIKSY-
-1,ETDCGLRPLFEKRKIADDFEAELLES--
-1,EAVCGQRPLFEQKKVQDKGEDELMLS--
-1,ESNCGRRPLFEDINKEDNGESSMLES--
-1,ESECGLRALFERRNKEDEGEKEMLES--
-1,ESECGLRPLFERINKEDLQERSLLES--
-1,ELVCGERPMFEKTGKQDEHEKELIES--
-1,ESVCGQRPLFEQKKVQDKGEEELILS--
-1,EAVCGQRPLFEPKKVRDKGEDELIAS--
-1,ELECGQRPLFEKTGKKDEKEDELTKLY-
-1,EDDCGQRPLFEKKNKTDANEACMLFS--
-1,EDDCGQRPLFEKKNKTDANEACMLFS--
-1,EDDCGQRPLFEKKNKTDANEACMLFS--
-1,EDDCGQRPLFEKKNKTDANEACMLFS--
-1,EIVCGVRPLFETMDKEDGKEAVLMDSY-
-1,ESECGLRALFERKNKEDQGERSMLES--
-1,ESECGLRGLFECKNKQDDGEGEMLES--
-1,EDECGLRALYERINKEDGGEKEMLAS--
-1,EDECGLRALYERINKEDGGEKEMLAS--
-1,EEECGKRPMFELQQKHDESEDELIRSY-
-1,ESECGLRRLFELINKQDKEERALLES--
-1,--ECGKRPMFELMGKEDVGEEELQES--
-1,EAVCGQRPLFEQKKVSDNRERLL-----
-1,EAVCGQRPLFEQKKVSDNRERLL-----
-1,--ECGKRPMFELMAKEDVGEEELQES--
-1,EADCGLRPLFEKKSLEDKTERELLESYI
-1,EADCGLRPLFEKKQLQDQTEKELFESYI
-1,EADCGLRPLFEKKSVKDKTEDELLESYI
-1,EADCGLRPLFEKKSVEDKTEKELLDSYI
-1,-ADCGLRPLFEKKSLEDKTERELLESYI
-1,--DCGLRPLFEKKQVQDQTEKELFESYI
-1,EADCGLRPLFEKKSLKDTTEKELLDSYI
-1,EADCGLRPLFEKKSLKDTTEKELLDSYI
-1,EADCGLRPLFEKKSLEDSTEKELLDSYI
-1,EADCGLRPLFEKKSLKDEREEELLESYI
-1,EADCGLRPLFENKSRADQTEHELLESYI
-1,-ADCGLRPLFEKKDLEDKTEQELLDSYI
-1,EADCGLRPLFEKKELKDNSEQELLDSYI
-1,EADCGIRPMFERVNKQDATEKELTESYI
-1,EADCGLRPLFEKKEVKDNTELKLLDSYI
-1,EAVCGLRPLFEQKSVEDKGEKELLESY-
-1,EADCGIRPKFEKSNIKDKSEHELLESYI
-1,EAECGIRPLFEKLKIADKTEKELLESYI
-1,EADCGIRPLFEEKKIPDSTENELLESYL
-1,ENGCGLRPLFEEKNIEDNGEKELLESYI
-1,ESNCGLRPLFEMKGIKDGKEQELLESY-
-1,EDDCGQRPLFEKISKTDQKEAELLESY-
-1,ELDCGERPLFEKINKADKNEKELLMSY-
-1,ESVCGQRPLFEQKGKQDKNENELLESY-
-1,EAVCGQRPLFEKLNKKDTKEVELLESY-
-1,ESVCGLRPLYEQKGKQDKTESELLASY-
-1,ESVCGKRPLFEAKNIVDQNERELLESY-
-1,---CGIRPLFETKKKKDPKEDELMESY-
-1,EDECGRRPLFEQKNKKDASEDELLQSY-
-1,EMECGLRPLFERINKKDSGEDELIES--
-1,---CGERPKFERENKQDSTEEELLESY-
-1,---CGIRPLFESVHKADAKEAELLESY-
-1,ESVCGERPLFEKLKKKDRNEAELLESY-
-1,---CGERPLFERQGKADAKEKELLDSY-
-1,---CGIRPLFEKVSKKDAEENDLIASY-
-1,ESVCGERPMFEKVGKQDVKEESLLKSY-
-1,EEECGKRPMFELQQKNDRSEDELIRSY-