ligand_id,status_boltz3daffinity,affinity_probability_binary,affinity_pred_value,affinity_pIC50_pred_value,status_3ddock,time_elapsed_3ddock,ligand_smiles,vina_score,pharmaco_score,shape_score,ligand_pose_sdf
1wu1,COMPLETED,0.7262381315231323,-1.614964485168457,7.614964485168457,COMPLETED,38.86350417137146,O=C(c1ncc(-c2ccncc2)cn1)N1CCN(S(=O)(=O)c2cc3cc(Cl)ccc3[nH]2)CC1,-8.792593547870192,0.18081229965605858,0.2844012614172301,"
     RDKit          3D

 33 37  0  0  0  0  0  0  0  0999 V2000
   -0.2848   -9.9561  -15.1850 O   0  0  0  0  0  0  0  0  0  0  0  0
    0.4524  -10.8960  -15.2867 C   0  0  0  0  0  0  0  0  0  0  0  0
    0.5058  -11.7255  -16.5819 C   0  0  0  0  0  0  0  0  0  0  0  0
    0.3024  -10.9834  -17.7207 N   0  0  0  0  0  0  0  0  0  0  0  0
    0.4218  -11.6590  -18.8954 C   0  0  0  0  0  0  0  0  0  0  0  0
    0.6725  -13.0221  -18.9594 C   0  0  0  0  0  0  0  0  0  0  0  0
    0.9016  -13.7424  -20.2701 C   0  0  0  0  0  0  0  0  0  0  0  0
    1.2890  -15.0626  -20.3211 C   0  0  0  0  0  0  0  0  0  0  0  0
    1.5305  -15.6884  -21.5960 C   0  0  0  0  0  0  0  0  0  0  0  0
    1.3405  -15.0111  -22.7484 N   0  0  0  0  0  0  0  0  0  0  0  0
    0.9649  -13.7419  -22.7151 C   0  0  0  0  0  0  0  0  0  0  0  0
    0.7088  -13.0369  -21.4868 C   0  0  0  0  0  0  0  0  0  0  0  0
    0.8071  -13.7141  -17.7244 C   0  0  0  0  0  0  0  0  0  0  0  0
    0.6803  -13.0418  -16.5360 N   0  0  0  0  0  0  0  0  0  0  0  0
    1.3676  -11.2340  -14.2642 N   0  0  0  0  0  0  0  0  0  0  0  0
    1.8636  -10.1298  -13.3939 C   0  0  0  0  0  0  0  0  0  0  0  0
    3.1849   -9.5481  -13.9868 C   0  0  0  0  0  0  0  0  0  0  0  0
    3.7858  -10.4057  -15.0207 N   0  0  0  0  0  0  0  0  0  0  0  0
    4.8413   -9.8228  -16.2143 S   0  0  0  0  0  0  0  0  0  0  0  0
    6.1149  -10.5136  -16.0343 O   0  0  0  0  0  0  0  0  0  0  0  0
    4.1021   -9.8255  -17.4919 O   0  0  0  0  0  0  0  0  0  0  0  0
    5.1363   -8.1184  -15.7421 C   0  0  0  0  0  0  0  0  0  0  0  0
    6.1251   -7.6657  -14.8375 C   0  0  0  0  0  0  0  0  0  0  0  0
    6.0570   -6.2445  -14.8938 C   0  0  0  0  0  0  0  0  0  0  0  0
    6.7991   -5.2789  -14.1864 C   0  0  0  0  0  0  0  0  0  0  0  0
    6.5041   -3.9313  -14.4412 C   0  0  0  0  0  0  0  0  0  0  0  0
    7.4105   -2.6853  -13.6014 Cl  0  0  0  0  0  0  0  0  0  0  0  0
    5.4999   -3.5594  -15.3673 C   0  0  0  0  0  0  0  0  0  0  0  0
    4.7692   -4.5556  -16.0573 C   0  0  0  0  0  0  0  0  0  0  0  0
    5.0919   -5.8799  -15.7866 C   0  0  0  0  0  0  0  0  0  0  0  0
    4.5135   -7.0049  -16.3268 N   0  0  0  0  0  0  0  0  0  0  0  0
    3.7258  -11.8801  -14.7946 C   0  0  0  0  0  0  0  0  0  0  0  0
    2.3286  -12.3225  -14.3072 C   0  0  0  0  0  0  0  0  0  0  0  0
  1  2  2  0
  2  3  1  0
  3  4  2  0
  4  5  1  0
  5  6  2  0
  6  7  1  0
  7  8  2  0
  8  9  1  0
  9 10  2  0
 10 11  1  0
 11 12  2  0
  6 13  1  0
 13 14  2  0
  2 15  1  0
 15 16  1  0
 16 17  1  0
 17 18  1  0
 18 19  1  0
 19 20  2  0
 19 21  2  0
 19 22  1  0
 22 23  2  0
 23 24  1  0
 24 25  2  0
 25 26  1  0
 26 27  1  0
 26 28  2  0
 28 29  1  0
 29 30  2  0
 30 31  1  0
 18 32  1  0
 32 33  1  0
 14  3  1  0
 33 15  1  0
 12  7  1  0
 31 22  1  0
 30 24  1  0
M  END
"
2y7z,COMPLETED,0.9022355079650879,-2.2294082641601562,8.229408264160156,COMPLETED,35.34088373184204,C[NH+](C)[C@H]1CCc2cc(N3CC[C@H](NS(=O)(=O)c4ccc5cc(Cl)ccc5c4)C3=O)ccc21,-10.641538765768223,0.33504228936087954,0.46597576000812696,"
     RDKit          3D

 33 37  0  0  0  0  0  0  0  0999 V2000
   -0.9851  -12.7520   -8.8816 C   0  0  0  0  0  0  0  0  0  0  0  0
   -1.7695  -11.4873   -8.6412 N   0  0  0  0  0  0  0  0  0  0  0  0
   -1.8139  -11.1987   -7.1538 C   0  0  0  0  0  0  0  0  0  0  0  0
   -1.1792  -10.3084   -9.3930 C   0  0  1  0  0  0  0  0  0  0  0  0
    0.2885   -9.9382   -8.9876 C   0  0  0  0  0  0  0  0  0  0  0  0
    1.1714  -10.0818  -10.2521 C   0  0  0  0  0  0  0  0  0  0  0  0
    0.1957  -10.3996  -11.3524 C   0  0  0  0  0  0  0  0  0  0  0  0
    0.4948  -10.5934  -12.7022 C   0  0  0  0  0  0  0  0  0  0  0  0
   -0.5502  -10.8896  -13.5938 C   0  0  0  0  0  0  0  0  0  0  0  0
   -0.2448  -11.0765  -14.9634 N   0  0  0  0  0  0  0  0  0  0  0  0
    0.6184  -12.1836  -15.3645 C   0  0  0  0  0  0  0  0  0  0  0  0
    1.2598  -11.7505  -16.6992 C   0  0  0  0  0  0  0  0  0  0  0  0
    0.8734  -10.2761  -16.9120 C   0  0  2  0  0  0  0  0  0  0  0  0
    2.0054   -9.3779  -16.5661 N   0  0  0  0  0  0  0  0  0  0  0  0
    3.4515   -9.4742  -17.4471 S   0  0  0  0  0  0  0  0  0  0  0  0
    4.0544  -10.8073  -17.1870 O   0  0  0  0  0  0  0  0  0  0  0  0
    3.1969   -8.9867  -18.7834 O   0  0  0  0  0  0  0  0  0  0  0  0
    4.4588   -8.2620  -16.5600 C   0  0  0  0  0  0  0  0  0  0  0  0
    5.4470   -8.6823  -15.6851 C   0  0  0  0  0  0  0  0  0  0  0  0
    6.2099   -7.7283  -14.9545 C   0  0  0  0  0  0  0  0  0  0  0  0
    5.9380   -6.3681  -15.1321 C   0  0  0  0  0  0  0  0  0  0  0  0
    6.6865   -5.4150  -14.3909 C   0  0  0  0  0  0  0  0  0  0  0  0
    6.4058   -4.0540  -14.5575 C   0  0  0  0  0  0  0  0  0  0  0  0
    7.3435   -2.8708  -13.6411 Cl  0  0  0  0  0  0  0  0  0  0  0  0
    5.4105   -3.6191  -15.4305 C   0  0  0  0  0  0  0  0  0  0  0  0
    4.6604   -4.5728  -16.1715 C   0  0  0  0  0  0  0  0  0  0  0  0
    4.9409   -5.9357  -16.0090 C   0  0  0  0  0  0  0  0  0  0  0  0
    4.1837   -6.8886  -16.7423 C   0  0  0  0  0  0  0  0  0  0  0  0
   -0.2466  -10.0535  -15.8852 C   0  0  0  0  0  0  0  0  0  0  0  0
   -0.9701   -9.0790  -15.8410 O   0  0  0  0  0  0  0  0  0  0  0  0
   -1.8819  -10.9768  -13.1260 C   0  0  0  0  0  0  0  0  0  0  0  0
   -2.1670  -10.7896  -11.7607 C   0  0  0  0  0  0  0  0  0  0  0  0
   -1.1040  -10.4995  -10.8869 C   0  0  0  0  0  0  0  0  0  0  0  0
  1  2  1  0
  2  3  1  0
  4  2  1  1
  4  5  1  0
  5  6  1  0
  6  7  1  0
  7  8  2  0
  8  9  1  0
  9 10  1  0
 10 11  1  0
 11 12  1  0
 12 13  1  0
 13 14  1  1
 14 15  1  0
 15 16  2  0
 15 17  2  0
 15 18  1  0
 18 19  2  0
 19 20  1  0
 20 21  2  0
 21 22  1  0
 22 23  2  0
 23 24  1  0
 23 25  1  0
 25 26  2  0
 26 27  1  0
 27 28  2  0
 13 29  1  0
 29 30  2  0
  9 31  2  0
 31 32  1  0
 32 33  2  0
 33  4  1  0
 33  7  1  0
 29 10  1  0
 28 18  1  0
 27 21  1  0
M  CHG  1   2   1
M  END
"
2cji,COMPLETED,0.8853299021720886,-1.7591609954833984,7.759160995483398,COMPLETED,31.817867755889893,C[C@@H](C(=O)N1CCOCC1)N1CC[C@H](NS(=O)(=O)c2ccc3cc(Cl)ccc3c2)C1=O,-8.367015200271432,0.32368332630790625,0.3984213278844,"
     RDKit          3D

 31 34  0  0  0  0  0  0  0  0999 V2000
   -2.6993   -9.9991  -14.2512 C   0  0  0  0  0  0  0  0  0  0  0  0
   -1.9065  -11.3029  -14.4951 C   0  0  2  0  0  0  0  0  0  0  0  0
   -1.5222  -12.0088  -13.1697 C   0  0  0  0  0  0  0  0  0  0  0  0
   -2.0163  -13.0947  -12.8811 O   0  0  0  0  0  0  0  0  0  0  0  0
   -0.5476  -11.4137  -12.3711 N   0  0  0  0  0  0  0  0  0  0  0  0
    0.2537  -12.2168  -11.4399 C   0  0  0  0  0  0  0  0  0  0  0  0
    1.7153  -12.3274  -11.9490 C   0  0  0  0  0  0  0  0  0  0  0  0
    2.2431  -10.9963  -12.0835 O   0  0  0  0  0  0  0  0  0  0  0  0
    1.5371  -10.1986  -13.0644 C   0  0  0  0  0  0  0  0  0  0  0  0
    0.0494  -10.0860  -12.6419 C   0  0  0  0  0  0  0  0  0  0  0  0
   -0.7548  -11.2050  -15.4283 N   0  0  0  0  0  0  0  0  0  0  0  0
    0.1669  -12.3307  -15.5322 C   0  0  0  0  0  0  0  0  0  0  0  0
    1.2961  -11.8914  -16.4682 C   0  0  0  0  0  0  0  0  0  0  0  0
    0.9696  -10.4301  -16.8907 C   0  0  2  0  0  0  0  0  0  0  0  0
    2.0205   -9.5003  -16.4682 N   0  0  0  0  0  0  0  0  0  0  0  0
    3.4945   -9.5249  -17.3109 S   0  0  0  0  0  0  0  0  0  0  0  0
    3.2104   -9.0139  -18.6642 O   0  0  0  0  0  0  0  0  0  0  0  0
    4.1204  -10.8253  -17.0828 O   0  0  0  0  0  0  0  0  0  0  0  0
    4.4434   -8.2701  -16.4388 C   0  0  0  0  0  0  0  0  0  0  0  0
    5.4618   -8.6724  -15.5413 C   0  0  0  0  0  0  0  0  0  0  0  0
    6.2126   -7.7032  -14.8612 C   0  0  0  0  0  0  0  0  0  0  0  0
    5.9540   -6.3419  -15.0635 C   0  0  0  0  0  0  0  0  0  0  0  0
    6.6955   -5.3747  -14.3641 C   0  0  0  0  0  0  0  0  0  0  0  0
    6.4226   -4.0136  -14.5566 C   0  0  0  0  0  0  0  0  0  0  0  0
    7.3557   -2.8127  -13.6834 Cl  0  0  0  0  0  0  0  0  0  0  0  0
    5.4157   -3.6080  -15.4455 C   0  0  0  0  0  0  0  0  0  0  0  0
    4.6711   -4.5758  -16.1473 C   0  0  0  0  0  0  0  0  0  0  0  0
    4.9392   -5.9375  -15.9573 C   0  0  0  0  0  0  0  0  0  0  0  0
    4.1902   -6.9142  -16.6441 C   0  0  0  0  0  0  0  0  0  0  0  0
   -0.3740  -10.1360  -16.2326 C   0  0  0  0  0  0  0  0  0  0  0  0
   -1.0233   -9.1167  -16.3968 O   0  0  0  0  0  0  0  0  0  0  0  0
  2  1  1  6
  2  3  1  0
  3  4  2  0
  3  5  1  0
  5  6  1  0
  6  7  1  0
  7  8  1  0
  8  9  1  0
  9 10  1  0
  2 11  1  0
 11 12  1  0
 12 13  1  0
 13 14  1  0
 14 15  1  1
 15 16  1  0
 16 17  2  0
 16 18  2  0
 16 19  1  0
 19 20  2  0
 20 21  1  0
 21 22  2  0
 22 23  1  0
 23 24  2  0
 24 25  1  0
 24 26  1  0
 26 27  2  0
 27 28  1  0
 28 29  2  0
 14 30  1  0
 30 31  2  0
 10  5  1  0
 30 11  1  0
 29 19  1  0
 28 22  1  0
M  END
"
1ioe,COMPLETED,0.9395440816879272,-2.4922542572021484,8.492254257202148,COMPLETED,43.3533673286438,COC[C@@]12CN(S(=O)(=O)c3ccc4cc(Cl)ccc4c3)CC(=O)N1CC1(CCN(c3ccncc3)CC1)O2,-9.793932764137478,0.27999488002126255,0.32560413439169666,"
     RDKit          3D

 38 43  0  0  0  0  0  0  0  0999 V2000
   -0.9160  -13.0942  -17.1116 C   0  0  0  0  0  0  0  0  0  0  0  0
    0.4282  -12.7543  -16.7283 O   0  0  0  0  0  0  0  0  0  0  0  0
    0.6233  -12.8216  -15.3011 C   0  0  0  0  0  0  0  0  0  0  0  0
    0.7288  -11.3856  -14.6687 C   0  0  1  0  0  0  0  0  0  0  0  0
    2.0408  -10.6629  -15.1036 C   0  0  0  0  0  0  0  0  0  0  0  0
    1.8864   -9.7362  -16.2730 N   0  0  0  0  0  0  0  0  0  0  0  0
    3.2654   -9.5762  -17.2636 S   0  0  0  0  0  0  0  0  0  0  0  0
    2.8188   -8.9330  -18.4999 O   0  0  0  0  0  0  0  0  0  0  0  0
    3.9352  -10.8858  -17.2994 O   0  0  0  0  0  0  0  0  0  0  0  0
    4.2688   -8.3724  -16.3832 C   0  0  0  0  0  0  0  0  0  0  0  0
    5.3048   -8.7925  -15.5225 C   0  0  0  0  0  0  0  0  0  0  0  0
    6.1010   -7.8474  -14.8715 C   0  0  0  0  0  0  0  0  0  0  0  0
    5.8833   -6.4728  -15.0691 C   0  0  0  0  0  0  0  0  0  0  0  0
    6.6602   -5.5251  -14.3982 C   0  0  0  0  0  0  0  0  0  0  0  0
    6.4229   -4.1552  -14.5801 C   0  0  0  0  0  0  0  0  0  0  0  0
    7.3794   -2.9743  -13.7244 Cl  0  0  0  0  0  0  0  0  0  0  0  0
    5.3998   -3.7303  -15.4574 C   0  0  0  0  0  0  0  0  0  0  0  0
    4.6236   -4.6756  -16.1308 C   0  0  0  0  0  0  0  0  0  0  0  0
    4.8506   -6.0503  -15.9419 C   0  0  0  0  0  0  0  0  0  0  0  0
    4.0551   -6.9983  -16.5901 C   0  0  0  0  0  0  0  0  0  0  0  0
    0.5939   -9.8146  -16.9854 C   0  0  0  0  0  0  0  0  0  0  0  0
   -0.6171   -9.7880  -16.0350 C   0  0  0  0  0  0  0  0  0  0  0  0
   -1.6056   -9.1240  -16.2406 O   0  0  0  0  0  0  0  0  0  0  0  0
   -0.4402  -10.5608  -14.8956 N   0  0  0  0  0  0  0  0  0  0  0  0
   -1.2340  -10.4278  -13.6657 C   0  0  0  0  0  0  0  0  0  0  0  0
   -0.5463  -11.3766  -12.6821 C   0  0  0  0  0  0  0  0  0  0  0  0
   -0.4003  -10.7753  -11.2583 C   0  0  0  0  0  0  0  0  0  0  0  0
   -0.2745  -11.8373  -10.1471 C   0  0  0  0  0  0  0  0  0  0  0  0
   -1.3804  -12.8582  -10.1857 N   0  0  0  0  0  0  0  0  0  0  0  0
   -1.2656  -14.0369   -9.4725 C   0  0  0  0  0  0  0  0  0  0  0  0
   -0.1148  -14.8270   -9.5237 C   0  0  0  0  0  0  0  0  0  0  0  0
   -0.0862  -16.0681   -8.8786 C   0  0  0  0  0  0  0  0  0  0  0  0
   -1.1524  -16.5499   -8.1755 N   0  0  0  0  0  0  0  0  0  0  0  0
   -2.2555  -15.7958   -8.1266 C   0  0  0  0  0  0  0  0  0  0  0  0
   -2.3814  -14.5469   -8.7576 C   0  0  0  0  0  0  0  0  0  0  0  0
   -2.1960  -12.8465  -11.4062 C   0  0  0  0  0  0  0  0  0  0  0  0
   -1.3206  -12.7450  -12.6461 C   0  0  0  0  0  0  0  0  0  0  0  0
    0.7676  -11.5965  -13.2293 O   0  0  0  0  0  0  0  0  0  0  0  0
  1  2  1  0
  2  3  1  0
  4  3  1  6
  4  5  1  0
  5  6  1  0
  6  7  1  0
  7  8  2  0
  7  9  2  0
  7 10  1  0
 10 11  2  0
 11 12  1  0
 12 13  2  0
 13 14  1  0
 14 15  2  0
 15 16  1  0
 15 17  1  0
 17 18  2  0
 18 19  1  0
 19 20  2  0
  6 21  1  0
 21 22  1  0
 22 23  2  0
 22 24  1  0
 24 25  1  0
 25 26  1  0
 26 27  1  0
 27 28  1  0
 28 29  1  0
 29 30  1  0
 30 31  2  0
 31 32  1  0
 32 33  2  0
 33 34  1  0
 34 35  2  0
 29 36  1  0
 36 37  1  0
 26 38  1  0
 24  4  1  0
 37 26  1  0
 38  4  1  0
 20 10  1  0
 35 30  1  0
 19 13  1  0
M  END
"
2y80,COMPLETED,0.9065496921539307,-2.2446060180664062,8.244606018066406,COMPLETED,35.522698640823364,C[NH+](C)[C@@H]1CCc2cc(N3CC[C@H](NS(=O)(=O)c4ccc5cc(Cl)ccc5c4)C3=O)ccc21,-10.358915882971134,0.3521394802910281,0.4593909810967641,"
     RDKit          3D

 33 37  0  0  0  0  0  0  0  0999 V2000
   -2.3096  -12.0250   -8.5909 C   0  0  0  0  0  0  0  0  0  0  0  0
   -0.8576  -11.6834   -8.1712 N   0  0  0  0  0  0  0  0  0  0  0  0
   -0.8425  -11.2391   -6.7638 C   0  0  0  0  0  0  0  0  0  0  0  0
   -0.3028  -10.6148   -9.0859 C   0  0  2  0  0  0  0  0  0  0  0  0
   -1.0188   -9.2489   -9.0871 C   0  0  0  0  0  0  0  0  0  0  0  0
   -1.2537   -8.8398  -10.5802 C   0  0  0  0  0  0  0  0  0  0  0  0
   -0.7018   -9.9961  -11.3589 C   0  0  0  0  0  0  0  0  0  0  0  0
   -0.6360  -10.1026  -12.7576 C   0  0  0  0  0  0  0  0  0  0  0  0
   -0.0521  -11.2523  -13.3287 C   0  0  0  0  0  0  0  0  0  0  0  0
    0.2125  -11.3049  -14.7276 N   0  0  0  0  0  0  0  0  0  0  0  0
    1.0943  -12.3440  -15.2706 C   0  0  0  0  0  0  0  0  0  0  0  0
    1.5530  -11.8521  -16.6526 C   0  0  0  0  0  0  0  0  0  0  0  0
    1.0460  -10.3850  -16.7586 C   0  0  2  0  0  0  0  0  0  0  0  0
    2.1447   -9.4359  -16.4773 N   0  0  0  0  0  0  0  0  0  0  0  0
    3.5732   -9.4499  -17.3841 S   0  0  0  0  0  0  0  0  0  0  0  0
    3.2385   -8.9368  -18.7206 O   0  0  0  0  0  0  0  0  0  0  0  0
    4.2302  -10.7430  -17.1799 O   0  0  0  0  0  0  0  0  0  0  0  0
    4.5431   -8.2045  -16.5083 C   0  0  0  0  0  0  0  0  0  0  0  0
    5.5317   -8.6113  -15.6300 C   0  0  0  0  0  0  0  0  0  0  0  0
    6.2849   -7.6363  -14.8960 C   0  0  0  0  0  0  0  0  0  0  0  0
    5.9902   -6.2791  -15.0860 C   0  0  0  0  0  0  0  0  0  0  0  0
    6.7235   -5.3250  -14.3553 C   0  0  0  0  0  0  0  0  0  0  0  0
    6.4352   -3.9496  -14.5245 C   0  0  0  0  0  0  0  0  0  0  0  0
    7.3504   -2.7739  -13.6370 Cl  0  0  0  0  0  0  0  0  0  0  0  0
    5.4237   -3.5556  -15.4149 C   0  0  0  0  0  0  0  0  0  0  0  0
    4.6965   -4.5024  -16.1341 C   0  0  0  0  0  0  0  0  0  0  0  0
    4.9877   -5.8763  -15.9686 C   0  0  0  0  0  0  0  0  0  0  0  0
    4.2468   -6.8362  -16.6965 C   0  0  0  0  0  0  0  0  0  0  0  0
    0.0196  -10.2949  -15.6550 C   0  0  0  0  0  0  0  0  0  0  0  0
   -0.8274   -9.4019  -15.5521 O   0  0  0  0  0  0  0  0  0  0  0  0
    0.4374  -12.2729  -12.4875 C   0  0  0  0  0  0  0  0  0  0  0  0
    0.3763  -12.1474  -11.0780 C   0  0  0  0  0  0  0  0  0  0  0  0
   -0.1776  -10.9900  -10.5484 C   0  0  0  0  0  0  0  0  0  0  0  0
  1  2  1  0
  2  3  1  0
  4  2  1  1
  4  5  1  0
  5  6  1  0
  6  7  1  0
  7  8  2  0
  8  9  1  0
  9 10  1  0
 10 11  1  0
 11 12  1  0
 12 13  1  0
 13 14  1  1
 14 15  1  0
 15 16  2  0
 15 17  2  0
 15 18  1  0
 18 19  2  0
 19 20  1  0
 20 21  2  0
 21 22  1  0
 22 23  2  0
 23 24  1  0
 23 25  1  0
 25 26  2  0
 26 27  1  0
 27 28  2  0
 13 29  1  0
 29 30  2  0
  9 31  2  0
 31 32  1  0
 32 33  2  0
 33  4  1  0
 33  7  1  0
 29 10  1  0
 28 18  1  0
 27 21  1  0
M  CHG  1   2   1
M  END
"
1j17,COMPLETED,0.9696978330612183,-2.808516502380371,8.808516502380371,COMPLETED,37.565268754959106,O=C(C1CCN(c2ccncc2)CC1)N1CCN(S(=O)(=O)c2ccc3cc(Cl)ccc3c2)CC1,-10.651503463252297,0.34344365634496643,0.5197283887330141,"
     RDKit          3D

 34 38  0  0  0  0  0  0  0  0999 V2000
   -0.8550  -12.3779  -14.3246 O   0  0  0  0  0  0  0  0  0  0  0  0
    0.0211  -11.6265  -13.9265 C   0  0  0  0  0  0  0  0  0  0  0  0
   -0.0682  -10.9480  -12.5372 C   0  0  0  0  0  0  0  0  0  0  0  0
   -1.3858  -11.2587  -11.7808 C   0  0  0  0  0  0  0  0  0  0  0  0
   -1.1599  -11.7734  -10.3347 C   0  0  0  0  0  0  0  0  0  0  0  0
   -0.2396  -10.8652   -9.5987 N   0  0  0  0  0  0  0  0  0  0  0  0
   -0.6163  -10.3493   -8.3468 C   0  0  0  0  0  0  0  0  0  0  0  0
   -0.1194   -9.0858   -7.9425 C   0  0  0  0  0  0  0  0  0  0  0  0
   -0.5542   -8.5894   -6.6793 C   0  0  0  0  0  0  0  0  0  0  0  0
   -1.3548   -9.2511   -5.8696 N   0  0  0  0  0  0  0  0  0  0  0  0
   -1.8187  -10.4708   -6.2491 C   0  0  0  0  0  0  0  0  0  0  0  0
   -1.4495  -11.0389   -7.4992 C   0  0  0  0  0  0  0  0  0  0  0  0
    0.9963  -10.4568  -10.2738 C   0  0  0  0  0  0  0  0  0  0  0  0
    1.1875  -11.1442  -11.6454 C   0  0  0  0  0  0  0  0  0  0  0  0
    1.1395  -11.3278  -14.7077 N   0  0  0  0  0  0  0  0  0  0  0  0
    2.1154  -10.2788  -14.3652 C   0  0  0  0  0  0  0  0  0  0  0  0
    1.9502   -9.0490  -15.2836 C   0  0  0  0  0  0  0  0  0  0  0  0
    2.0198   -9.4318  -16.7063 N   0  0  0  0  0  0  0  0  0  0  0  0
    3.5576   -9.5007  -17.4286 S   0  0  0  0  0  0  0  0  0  0  0  0
    4.1372  -10.8272  -17.1377 O   0  0  0  0  0  0  0  0  0  0  0  0
    3.4083   -8.9933  -18.7860 O   0  0  0  0  0  0  0  0  0  0  0  0
    4.4965   -8.2668  -16.5043 C   0  0  0  0  0  0  0  0  0  0  0  0
    5.4917   -8.6719  -15.6042 C   0  0  0  0  0  0  0  0  0  0  0  0
    6.2314   -7.7127  -14.8889 C   0  0  0  0  0  0  0  0  0  0  0  0
    5.9680   -6.3494  -15.0768 C   0  0  0  0  0  0  0  0  0  0  0  0
    6.7001   -5.3900  -14.3523 C   0  0  0  0  0  0  0  0  0  0  0  0
    6.4268   -4.0281  -14.5320 C   0  0  0  0  0  0  0  0  0  0  0  0
    7.3521   -2.8362  -13.6356 Cl  0  0  0  0  0  0  0  0  0  0  0  0
    5.4302   -3.6109  -15.4259 C   0  0  0  0  0  0  0  0  0  0  0  0
    4.6953   -4.5709  -16.1520 C   0  0  0  0  0  0  0  0  0  0  0  0
    4.9681   -5.9359  -15.9778 C   0  0  0  0  0  0  0  0  0  0  0  0
    4.2332   -6.8974  -16.6973 C   0  0  0  0  0  0  0  0  0  0  0  0
    1.0704  -10.5134  -17.0662 C   0  0  0  0  0  0  0  0  0  0  0  0
    1.2116  -11.7342  -16.1233 C   0  0  0  0  0  0  0  0  0  0  0  0
  1  2  2  0
  2  3  1  0
  3  4  1  0
  4  5  1  0
  5  6  1  0
  6  7  1  0
  7  8  2  0
  8  9  1  0
  9 10  2  0
 10 11  1  0
 11 12  2  0
  6 13  1  0
 13 14  1  0
  2 15  1  0
 15 16  1  0
 16 17  1  0
 17 18  1  0
 18 19  1  0
 19 20  2  0
 19 21  2  0
 19 22  1  0
 22 23  2  0
 23 24  1  0
 24 25  2  0
 25 26  1  0
 26 27  2  0
 27 28  1  0
 27 29  1  0
 29 30  2  0
 30 31  1  0
 31 32  2  0
 18 33  1  0
 33 34  1  0
 14  3  1  0
 34 15  1  0
 12  7  1  0
 32 22  1  0
 31 25  1  0
M  END
"
4y76,COMPLETED,0.966443657875061,-3.106818199157715,9.106818199157715,COMPLETED,36.37832498550415,C[C@@H](C(=O)N1CCC[N@@H+](C)CC1)N1CC[C@H](N(CC(N)=O)S(=O)(=O)c2ccc3cc(Cl)ccc3c2)C1=O,-8.548649807946434,0.16763153782020415,0.2577127955328618,"
     RDKit          3D

 37 40  0  0  0  0  0  0  0  0999 V2000
   -2.3280   -8.9445  -13.0448 C   0  0  0  0  0  0  0  0  0  0  0  0
   -2.6038   -9.7062  -14.3472 C   0  0  2  0  0  0  0  0  0  0  0  0
   -3.9455  -10.4815  -14.3220 C   0  0  0  0  0  0  0  0  0  0  0  0
   -4.0192  -11.6921  -14.2269 O   0  0  0  0  0  0  0  0  0  0  0  0
   -5.1070   -9.6855  -14.3720 N   0  0  0  0  0  0  0  0  0  0  0  0
   -6.4213  -10.2886  -14.1118 C   0  0  0  0  0  0  0  0  0  0  0  0
   -7.0928   -9.6776  -12.8618 C   0  0  0  0  0  0  0  0  0  0  0  0
   -8.0016   -8.4893  -13.2536 C   0  0  0  0  0  0  0  0  0  0  0  0
   -7.2639   -7.2627  -13.7580 N   0  0  2  0  0  0  0  0  0  0  0  0
   -8.2991   -6.1999  -14.1330 C   0  0  0  0  0  0  0  0  0  0  0  0
   -6.4359   -7.5747  -14.9772 C   0  0  0  0  0  0  0  0  0  0  0  0
   -5.0436   -8.2470  -14.6772 C   0  0  0  0  0  0  0  0  0  0  0  0
   -1.4443  -10.5466  -14.7635 N   0  0  0  0  0  0  0  0  0  0  0  0
   -1.0417  -11.7128  -13.9743 C   0  0  0  0  0  0  0  0  0  0  0  0
    0.2287  -12.2467  -14.6810 C   0  0  0  0  0  0  0  0  0  0  0  0
    0.5650  -11.2555  -15.8116 C   0  0  2  0  0  0  0  0  0  0  0  0
    1.9128  -10.6614  -15.6610 N   0  0  0  0  0  0  0  0  0  0  0  0
    2.2227  -10.0134  -14.3662 C   0  0  0  0  0  0  0  0  0  0  0  0
    2.9627  -10.9419  -13.4016 C   0  0  0  0  0  0  0  0  0  0  0  0
    2.3934  -11.0577  -12.1539 N   0  0  0  0  0  0  0  0  0  0  0  0
    3.9937  -11.5352  -13.7031 O   0  0  0  0  0  0  0  0  0  0  0  0
    2.8412  -10.3175  -17.0459 S   0  0  0  0  0  0  0  0  0  0  0  0
    3.6202  -11.5322  -17.3539 O   0  0  0  0  0  0  0  0  0  0  0  0
    1.9550   -9.6880  -18.0294 O   0  0  0  0  0  0  0  0  0  0  0  0
    3.9750   -9.0396  -16.4809 C   0  0  0  0  0  0  0  0  0  0  0  0
    5.1505   -9.3818  -15.7808 C   0  0  0  0  0  0  0  0  0  0  0  0
    5.9786   -8.3926  -15.2611 C   0  0  0  0  0  0  0  0  0  0  0  0
    5.6587   -7.0294  -15.4372 C   0  0  0  0  0  0  0  0  0  0  0  0
    6.4576   -6.0384  -14.8671 C   0  0  0  0  0  0  0  0  0  0  0  0
    6.1202   -4.6797  -15.0311 C   0  0  0  0  0  0  0  0  0  0  0  0
    7.0738   -3.4414  -14.2616 Cl  0  0  0  0  0  0  0  0  0  0  0  0
    4.9925   -4.3296  -15.7974 C   0  0  0  0  0  0  0  0  0  0  0  0
    4.1966   -5.3198  -16.3706 C   0  0  0  0  0  0  0  0  0  0  0  0
    4.5096   -6.6835  -16.1821 C   0  0  0  0  0  0  0  0  0  0  0  0
    3.6725   -7.6764  -16.6906 C   0  0  0  0  0  0  0  0  0  0  0  0
   -0.5698  -10.2158  -15.7589 C   0  0  0  0  0  0  0  0  0  0  0  0
   -0.6821   -9.2513  -16.4955 O   0  0  0  0  0  0  0  0  0  0  0  0
  2  1  1  6
  2  3  1  0
  3  4  2  0
  3  5  1  0
  5  6  1  0
  6  7  1  0
  7  8  1  0
  8  9  1  0
  9 10  1  1
  9 11  1  0
 11 12  1  0
  2 13  1  0
 13 14  1  0
 14 15  1  0
 15 16  1  0
 16 17  1  1
 17 18  1  0
 18 19  1  0
 19 20  1  0
 19 21  2  0
 17 22  1  0
 22 23  2  0
 22 24  2  0
 22 25  1  0
 25 26  2  0
 26 27  1  0
 27 28  2  0
 28 29  1  0
 29 30  2  0
 30 31  1  0
 30 32  1  0
 32 33  2  0
 33 34  1  0
 34 35  2  0
 16 36  1  0
 36 37  2  0
 12  5  1  0
 36 13  1  0
 35 25  1  0
 34 28  1  0
M  CHG  1   9   1
M  END
"
1iqi,COMPLETED,0.9187487363815308,-2.5358595848083496,8.53585958480835,COMPLETED,38.070578813552856,O=C([O-])[C@@H]1CN(S(=O)(=O)c2ccc3cc(Cl)ccc3c2)CCN1CC1CCN(c2ccncc2)CC1,-8.533267469786125,0.27894257704699044,0.30836499421111035,"
     RDKit          3D

 36 40  0  0  0  0  0  0  0  0999 V2000
   -1.3611  -11.8186  -19.6203 O   0  0  0  0  0  0  0  0  0  0  0  0
   -1.1469  -10.6845  -19.2010 C   0  0  0  0  0  0  0  0  0  0  0  0
   -1.6111   -9.6700  -19.6858 O   0  0  0  0  0  0  0  0  0  0  0  0
   -0.1227  -10.5517  -18.0360 C   0  0  1  0  0  0  0  0  0  0  0  0
    0.8082   -9.3052  -18.1904 C   0  0  0  0  0  0  0  0  0  0  0  0
    1.8201   -9.2164  -17.1029 N   0  0  0  0  0  0  0  0  0  0  0  0
    3.4518   -9.5310  -17.4794 S   0  0  0  0  0  0  0  0  0  0  0  0
    3.6522   -9.0923  -18.8586 O   0  0  0  0  0  0  0  0  0  0  0  0
    3.7663  -10.9118  -17.0671 O   0  0  0  0  0  0  0  0  0  0  0  0
    4.3473   -8.3448  -16.4725 C   0  0  0  0  0  0  0  0  0  0  0  0
    5.3307   -8.7704  -15.5512 C   0  0  0  0  0  0  0  0  0  0  0  0
    6.0875   -7.8461  -14.8494 C   0  0  0  0  0  0  0  0  0  0  0  0
    5.8973   -6.4594  -15.0403 C   0  0  0  0  0  0  0  0  0  0  0  0
    6.6482   -5.5334  -14.3369 C   0  0  0  0  0  0  0  0  0  0  0  0
    6.4396   -4.1499  -14.5178 C   0  0  0  0  0  0  0  0  0  0  0  0
    7.3773   -2.9929  -13.6305 Cl  0  0  0  0  0  0  0  0  0  0  0  0
    5.4523   -3.7191  -15.4354 C   0  0  0  0  0  0  0  0  0  0  0  0
    4.7017   -4.6445  -16.1438 C   0  0  0  0  0  0  0  0  0  0  0  0
    4.9053   -6.0311  -15.9651 C   0  0  0  0  0  0  0  0  0  0  0  0
    4.1540   -6.9588  -16.6688 C   0  0  0  0  0  0  0  0  0  0  0  0
    1.3331   -9.4746  -15.7427 C   0  0  0  0  0  0  0  0  0  0  0  0
    0.4022  -10.7310  -15.6720 C   0  0  0  0  0  0  0  0  0  0  0  0
   -0.6801  -10.6727  -16.6647 N   0  0  0  0  0  0  0  0  0  0  0  0
   -1.6912   -9.6123  -16.3384 C   0  0  0  0  0  0  0  0  0  0  0  0
   -2.7873  -10.0752  -15.3730 C   0  0  0  0  0  0  0  0  0  0  0  0
   -3.9914   -9.0620  -15.3512 C   0  0  0  0  0  0  0  0  0  0  0  0
   -4.6210   -8.8635  -13.9784 C   0  0  0  0  0  0  0  0  0  0  0  0
   -4.7509  -10.1560  -13.2233 N   0  0  0  0  0  0  0  0  0  0  0  0
   -5.9736  -10.6903  -12.9201 C   0  0  0  0  0  0  0  0  0  0  0  0
   -7.1907  -10.0048  -13.1365 C   0  0  0  0  0  0  0  0  0  0  0  0
   -8.3956  -10.5735  -12.8169 C   0  0  0  0  0  0  0  0  0  0  0  0
   -8.5050  -11.8160  -12.2270 N   0  0  0  0  0  0  0  0  0  0  0  0
   -7.3568  -12.4746  -12.0176 C   0  0  0  0  0  0  0  0  0  0  0  0
   -6.0967  -11.9837  -12.3097 C   0  0  0  0  0  0  0  0  0  0  0  0
   -3.4594  -10.8711  -13.0186 C   0  0  0  0  0  0  0  0  0  0  0  0
   -2.3210  -10.4178  -13.9280 C   0  0  0  0  0  0  0  0  0  0  0  0
  1  2  2  0
  2  3  1  0
  4  2  1  1
  4  5  1  0
  5  6  1  0
  6  7  1  0
  7  8  2  0
  7  9  2  0
  7 10  1  0
 10 11  2  0
 11 12  1  0
 12 13  2  0
 13 14  1  0
 14 15  2  0
 15 16  1  0
 15 17  1  0
 17 18  2  0
 18 19  1  0
 19 20  2  0
  6 21  1  0
 21 22  1  0
 22 23  1  0
 23 24  1  0
 24 25  1  0
 25 26  1  0
 26 27  1  0
 27 28  1  0
 28 29  1  0
 29 30  2  0
 30 31  1  0
 31 32  2  0
 32 33  1  0
 33 34  2  0
 28 35  1  0
 35 36  1  0
 23  4  1  0
 36 25  1  0
 20 10  1  0
 34 29  1  0
 19 13  1  0
M  CHG  1   3  -1
M  END
"
4y79,COMPLETED,0.6518189311027527,-1.2450566291809082,7.245056629180908,COMPLETED,31.73930287361145,C[C@@H](C(=O)N1CCOCC1)N1CC[C@H](NS(=O)(=O)/C=C/c2ccc(Cl)cc2)C1=O,-9.10001288966325,0.2970142174725729,0.4379920799829655,"
     RDKit          3D

 29 31  0  0  0  0  0  0  0  0999 V2000
   -0.7439   -8.7374  -11.8631 C   0  0  0  0  0  0  0  0  0  0  0  0
    0.2085   -9.9622  -11.9894 C   0  0  1  0  0  0  0  0  0  0  0  0
   -0.2496  -11.1497  -11.0979 C   0  0  0  0  0  0  0  0  0  0  0  0
   -0.6123  -12.2198  -11.5695 O   0  0  0  0  0  0  0  0  0  0  0  0
   -0.2649  -10.9206   -9.7210 N   0  0  0  0  0  0  0  0  0  0  0  0
   -0.7621  -11.9294   -8.7764 C   0  0  0  0  0  0  0  0  0  0  0  0
   -1.4830  -11.3070   -7.5500 C   0  0  0  0  0  0  0  0  0  0  0  0
   -0.6211  -10.3035   -6.9664 O   0  0  0  0  0  0  0  0  0  0  0  0
   -0.3507   -9.2157   -7.8673 C   0  0  0  0  0  0  0  0  0  0  0  0
    0.4173   -9.7582   -9.0972 C   0  0  0  0  0  0  0  0  0  0  0  0
    0.4374  -10.3421  -13.3926 N   0  0  0  0  0  0  0  0  0  0  0  0
   -0.6876  -10.6673  -14.2743 C   0  0  0  0  0  0  0  0  0  0  0  0
   -0.0899  -10.7534  -15.6922 C   0  0  0  0  0  0  0  0  0  0  0  0
    1.4269  -10.4995  -15.5511 C   0  0  1  0  0  0  0  0  0  0  0  0
    1.8773   -9.4038  -16.4312 N   0  0  0  0  0  0  0  0  0  0  0  0
    3.3917   -9.5575  -17.1716 S   0  0  0  0  0  0  0  0  0  0  0  0
    3.2537   -9.1306  -18.5475 O   0  0  0  0  0  0  0  0  0  0  0  0
    3.9052  -10.9195  -16.8543 O   0  0  0  0  0  0  0  0  0  0  0  0
    4.4010   -8.3861  -16.2563 C   0  0  0  0  0  0  0  0  0  0  0  0
    4.3918   -7.0528  -16.5139 C   0  0  0  0  0  0  0  0  0  0  0  0
    5.1737   -6.0107  -15.8057 C   0  0  0  0  0  0  0  0  0  0  0  0
    4.8616   -4.6540  -16.0056 C   0  0  0  0  0  0  0  0  0  0  0  0
    5.5657   -3.6600  -15.3011 C   0  0  0  0  0  0  0  0  0  0  0  0
    6.5728   -4.0308  -14.3955 C   0  0  0  0  0  0  0  0  0  0  0  0
    7.4509   -2.7979  -13.5135 Cl  0  0  0  0  0  0  0  0  0  0  0  0
    6.8900   -5.3798  -14.1999 C   0  0  0  0  0  0  0  0  0  0  0  0
    6.1870   -6.3718  -14.9099 C   0  0  0  0  0  0  0  0  0  0  0  0
    1.6302  -10.1895  -14.0661 C   0  0  0  0  0  0  0  0  0  0  0  0
    2.6803   -9.8515  -13.5445 O   0  0  0  0  0  0  0  0  0  0  0  0
  2  1  1  6
  2  3  1  0
  3  4  2  0
  3  5  1  0
  5  6  1  0
  6  7  1  0
  7  8  1  0
  8  9  1  0
  9 10  1  0
  2 11  1  0
 11 12  1  0
 12 13  1  0
 13 14  1  0
 14 15  1  1
 15 16  1  0
 16 17  2  0
 16 18  2  0
 16 19  1  0
 19 20  2  0
 20 21  1  0
 21 22  2  0
 22 23  1  0
 23 24  2  0
 24 25  1  0
 24 26  1  0
 26 27  2  0
 14 28  1  0
 28 29  2  0
 10  5  1  0
 28 11  1  0
 27 21  1  0
M  END
"
4y7a,COMPLETED,0.9028071165084839,-2.3608593940734863,8.360859394073486,COMPLETED,33.37207818031311,C[C@@H](C(=O)N1CCC[C@H]([NH3+])C1)N1CC[C@H](NS(=O)(=O)c2ccc3cc(Cl)ccc3c2)C1=O,-10.945115768851535,0.37122150893317163,0.5268462727072936,"
     RDKit          3D

 32 35  0  0  0  0  0  0  0  0999 V2000
   -0.5898   -8.6732  -12.0475 C   0  0  0  0  0  0  0  0  0  0  0  0
    0.1640   -9.9829  -12.2708 C   0  0  1  0  0  0  0  0  0  0  0  0
   -0.4819  -11.1846  -11.5208 C   0  0  0  0  0  0  0  0  0  0  0  0
   -0.9707  -12.1285  -12.0860 O   0  0  0  0  0  0  0  0  0  0  0  0
   -0.5059  -11.0668  -10.1230 N   0  0  0  0  0  0  0  0  0  0  0  0
    0.3301  -10.1063   -9.3911 C   0  0  0  0  0  0  0  0  0  0  0  0
   -0.4541   -9.3878   -8.2677 C   0  0  0  0  0  0  0  0  0  0  0  0
   -1.1687  -10.3601   -7.3107 C   0  0  0  0  0  0  0  0  0  0  0  0
   -1.1695  -11.8408   -7.7854 C   0  0  1  0  0  0  0  0  0  0  0  0
   -2.0428  -12.7529   -6.9687 N   0  0  0  0  0  0  0  0  0  0  0  0
   -1.3433  -11.9849   -9.3190 C   0  0  0  0  0  0  0  0  0  0  0  0
    0.3569  -10.2698  -13.7193 N   0  0  0  0  0  0  0  0  0  0  0  0
   -0.7796  -10.3087  -14.6164 C   0  0  0  0  0  0  0  0  0  0  0  0
   -0.1781  -10.3053  -16.0506 C   0  0  0  0  0  0  0  0  0  0  0  0
    1.3492  -10.2818  -15.8715 C   0  0  1  0  0  0  0  0  0  0  0  0
    1.9501   -9.1231  -16.5828 N   0  0  0  0  0  0  0  0  0  0  0  0
    3.4656   -9.3466  -17.2964 S   0  0  0  0  0  0  0  0  0  0  0  0
    3.9475  -10.6974  -16.9354 O   0  0  0  0  0  0  0  0  0  0  0  0
    3.3299   -8.9526  -18.6932 O   0  0  0  0  0  0  0  0  0  0  0  0
    4.4854   -8.1378  -16.4134 C   0  0  0  0  0  0  0  0  0  0  0  0
    5.4703   -8.5850  -15.5444 C   0  0  0  0  0  0  0  0  0  0  0  0
    6.2636   -7.6134  -14.8237 C   0  0  0  0  0  0  0  0  0  0  0  0
    6.0031   -6.2730  -15.0299 C   0  0  0  0  0  0  0  0  0  0  0  0
    6.7755   -5.3020  -14.2834 C   0  0  0  0  0  0  0  0  0  0  0  0
    6.4991   -3.9591  -14.4785 C   0  0  0  0  0  0  0  0  0  0  0  0
    7.4645   -2.7607  -13.5512 Cl  0  0  0  0  0  0  0  0  0  0  0  0
    5.5318   -3.4946  -15.3458 C   0  0  0  0  0  0  0  0  0  0  0  0
    4.7522   -4.4727  -16.0954 C   0  0  0  0  0  0  0  0  0  0  0  0
    5.0243   -5.8084  -15.9004 C   0  0  0  0  0  0  0  0  0  0  0  0
    4.2369   -6.7838  -16.6277 C   0  0  0  0  0  0  0  0  0  0  0  0
    1.5785  -10.2031  -14.3586 C   0  0  0  0  0  0  0  0  0  0  0  0
    2.6497  -10.0975  -13.8053 O   0  0  0  0  0  0  0  0  0  0  0  0
  2  1  1  6
  2  3  1  0
  3  4  2  0
  3  5  1  0
  5  6  1  0
  6  7  1  0
  7  8  1  0
  8  9  1  0
  9 10  1  6
  9 11  1  0
  2 12  1  0
 12 13  1  0
 13 14  1  0
 14 15  1  0
 15 16  1  1
 16 17  1  0
 17 18  2  0
 17 19  2  0
 17 20  1  0
 20 21  2  0
 21 22  1  0
 22 23  2  0
 23 24  1  0
 24 25  2  0
 25 26  1  0
 25 27  1  0
 27 28  2  0
 28 29  1  0
 29 30  2  0
 15 31  1  0
 31 32  2  0
 11  5  1  0
 31 12  1  0
 30 20  1  0
 29 23  1  0
M  CHG  1  10   1
M  END
"
2j2u,COMPLETED,0.7566463351249695,-1.3195672035217285,7.3195672035217285,COMPLETED,33.977461099624634,C[C@@H](C(=O)N1CCOCC1)N1CC[C@H](NS(=O)(=O)c2cc3cc(Cl)ccc3[nH]2)C1=O,-8.038435768046137,0.1630507552129735,0.36047170075465074,"
     RDKit          3D

 30 33  0  0  0  0  0  0  0  0999 V2000
    1.0566   -9.9928  -10.8053 C   0  0  0  0  0  0  0  0  0  0  0  0
    1.4269  -11.0389  -11.8504 C   0  0  1  0  0  0  0  0  0  0  0  0
    0.6640  -12.3905  -11.6544 C   0  0  0  0  0  0  0  0  0  0  0  0
   -0.2016  -12.4951  -10.8039 O   0  0  0  0  0  0  0  0  0  0  0  0
    1.0225  -13.4538  -12.4768 N   0  0  0  0  0  0  0  0  0  0  0  0
    0.3956  -14.7871  -12.2977 C   0  0  0  0  0  0  0  0  0  0  0  0
    0.9539  -15.8667  -13.2390 C   0  0  0  0  0  0  0  0  0  0  0  0
    1.0073  -15.3076  -14.5683 O   0  0  0  0  0  0  0  0  0  0  0  0
    1.9598  -14.2301  -14.7339 C   0  0  0  0  0  0  0  0  0  0  0  0
    2.1535  -13.3998  -13.4341 C   0  0  0  0  0  0  0  0  0  0  0  0
    1.3041  -10.5045  -13.2294 N   0  0  0  0  0  0  0  0  0  0  0  0
   -0.0050  -10.3829  -13.8569 C   0  0  0  0  0  0  0  0  0  0  0  0
    0.2604   -9.6644  -15.2027 C   0  0  0  0  0  0  0  0  0  0  0  0
    1.7918   -9.4427  -15.3004 C   0  0  2  0  0  0  0  0  0  0  0  0
    2.3202  -10.1633  -16.4710 N   0  0  0  0  0  0  0  0  0  0  0  0
    3.8374   -9.7447  -17.1145 S   0  0  0  0  0  0  0  0  0  0  0  0
    4.7997  -10.7661  -16.6383 O   0  0  0  0  0  0  0  0  0  0  0  0
    3.6238   -9.4963  -18.5320 O   0  0  0  0  0  0  0  0  0  0  0  0
    4.2932   -8.1723  -16.3601 C   0  0  0  0  0  0  0  0  0  0  0  0
    5.3453   -7.9435  -15.4903 C   0  0  0  0  0  0  0  0  0  0  0  0
    5.4625   -6.5073  -15.3722 C   0  0  0  0  0  0  0  0  0  0  0  0
    6.3487   -5.7295  -14.6222 C   0  0  0  0  0  0  0  0  0  0  0  0
    6.2102   -4.3238  -14.7163 C   0  0  0  0  0  0  0  0  0  0  0  0
    7.2611   -3.2861  -13.7735 Cl  0  0  0  0  0  0  0  0  0  0  0  0
    5.2219   -3.7505  -15.5437 C   0  0  0  0  0  0  0  0  0  0  0  0
    4.3492   -4.5653  -16.2975 C   0  0  0  0  0  0  0  0  0  0  0  0
    4.5143   -5.9535  -16.1692 C   0  0  0  0  0  0  0  0  0  0  0  0
    3.7725   -6.9220  -16.8088 N   0  0  0  0  0  0  0  0  0  0  0  0
    2.3314   -9.9913  -13.9740 C   0  0  0  0  0  0  0  0  0  0  0  0
    3.5017   -9.9353  -13.6063 O   0  0  0  0  0  0  0  0  0  0  0  0
  2  1  1  1
  2  3  1  0
  3  4  2  0
  3  5  1  0
  5  6  1  0
  6  7  1  0
  7  8  1  0
  8  9  1  0
  9 10  1  0
  2 11  1  0
 11 12  1  0
 12 13  1  0
 13 14  1  0
 14 15  1  6
 15 16  1  0
 16 17  2  0
 16 18  2  0
 16 19  1  0
 19 20  2  0
 20 21  1  0
 21 22  2  0
 22 23  1  0
 23 24  1  0
 23 25  2  0
 25 26  1  0
 26 27  2  0
 27 28  1  0
 14 29  1  0
 29 30  2  0
 10  5  1  0
 29 11  1  0
 28 19  1  0
 27 21  1  0
M  END
"
1iqk,COMPLETED,0.9701460003852844,-2.8167271614074707,8.81672716140747,COMPLETED,38.6055953502655,O=C1CN(S(=O)(=O)c2ccc3cc(Cl)ccc3c2)CCN1CC1CCN(c2ccncc2)CC1,-10.939234608157058,0.35173222705428747,0.5625845149504123,"
     RDKit          3D

 34 38  0  0  0  0  0  0  0  0999 V2000
   -1.3921   -9.8402  -16.2435 O   0  0  0  0  0  0  0  0  0  0  0  0
   -0.2460  -10.0958  -16.0017 C   0  0  0  0  0  0  0  0  0  0  0  0
    0.9140   -9.7564  -16.9815 C   0  0  0  0  0  0  0  0  0  0  0  0
    2.1411   -9.2949  -16.3482 N   0  0  0  0  0  0  0  0  0  0  0  0
    3.5739   -9.3643  -17.2701 S   0  0  0  0  0  0  0  0  0  0  0  0
    4.1183  -10.7139  -17.1363 O   0  0  0  0  0  0  0  0  0  0  0  0
    3.2448   -8.7821  -18.5815 O   0  0  0  0  0  0  0  0  0  0  0  0
    4.6063   -8.1577  -16.4317 C   0  0  0  0  0  0  0  0  0  0  0  0
    5.6225   -8.5834  -15.5579 C   0  0  0  0  0  0  0  0  0  0  0  0
    6.3753   -7.6329  -14.8438 C   0  0  0  0  0  0  0  0  0  0  0  0
    6.1007   -6.2666  -15.0016 C   0  0  0  0  0  0  0  0  0  0  0  0
    6.8351   -5.3172  -14.2606 C   0  0  0  0  0  0  0  0  0  0  0  0
    6.5444   -3.9535  -14.4159 C   0  0  0  0  0  0  0  0  0  0  0  0
    7.4701   -2.7732  -13.4917 Cl  0  0  0  0  0  0  0  0  0  0  0  0
    5.5486   -3.5229  -15.2903 C   0  0  0  0  0  0  0  0  0  0  0  0
    4.8063   -4.4754  -16.0313 C   0  0  0  0  0  0  0  0  0  0  0  0
    5.0909   -5.8383  -15.8787 C   0  0  0  0  0  0  0  0  0  0  0  0
    4.3403   -6.7914  -16.5961 C   0  0  0  0  0  0  0  0  0  0  0  0
    2.3181   -9.5601  -14.8975 C   0  0  0  0  0  0  0  0  0  0  0  0
    1.5659  -10.8626  -14.4866 C   0  0  0  0  0  0  0  0  0  0  0  0
    0.1748  -10.7831  -14.8534 N   0  0  0  0  0  0  0  0  0  0  0  0
   -0.7817  -11.3956  -13.8953 C   0  0  0  0  0  0  0  0  0  0  0  0
   -1.4637  -10.3841  -12.9558 C   0  0  0  0  0  0  0  0  0  0  0  0
   -2.3392  -11.1286  -11.9154 C   0  0  0  0  0  0  0  0  0  0  0  0
   -1.5102  -11.8005  -10.8178 C   0  0  0  0  0  0  0  0  0  0  0  0
   -0.5942  -10.8056  -10.1812 N   0  0  0  0  0  0  0  0  0  0  0  0
   -0.7532  -10.4294   -8.8509 C   0  0  0  0  0  0  0  0  0  0  0  0
   -0.2305   -9.1905   -8.3915 C   0  0  0  0  0  0  0  0  0  0  0  0
   -0.4474   -8.8336   -7.0484 C   0  0  0  0  0  0  0  0  0  0  0  0
   -1.0987   -9.5973   -6.1693 N   0  0  0  0  0  0  0  0  0  0  0  0
   -1.5872  -10.7951   -6.6105 C   0  0  0  0  0  0  0  0  0  0  0  0
   -1.4302  -11.2272   -7.9262 C   0  0  0  0  0  0  0  0  0  0  0  0
    0.3101  -10.1269  -11.1024 C   0  0  0  0  0  0  0  0  0  0  0  0
   -0.4699   -9.4233  -12.2500 C   0  0  0  0  0  0  0  0  0  0  0  0
  1  2  2  0
  2  3  1  0
  3  4  1  0
  4  5  1  0
  5  6  2  0
  5  7  2  0
  5  8  1  0
  8  9  2  0
  9 10  1  0
 10 11  2  0
 11 12  1  0
 12 13  2  0
 13 14  1  0
 13 15  1  0
 15 16  2  0
 16 17  1  0
 17 18  2  0
  4 19  1  0
 19 20  1  0
 20 21  1  0
 21 22  1  0
 22 23  1  0
 23 24  1  0
 24 25  1  0
 25 26  1  0
 26 27  1  0
 27 28  2  0
 28 29  1  0
 29 30  2  0
 30 31  1  0
 31 32  2  0
 26 33  1  0
 33 34  1  0
 21  2  1  0
 34 23  1  0
 18  8  1  0
 32 27  1  0
 17 11  1  0
M  END
"
1iqg,COMPLETED,0.9669613838195801,-3.1905407905578613,9.190540790557861,COMPLETED,40.53957676887512,O=C1CN(S(=O)(=O)c2ccc3cc(Cl)ccc3c2)CCN1CC1(/C=N/O)CCN(c2ccncc2)CC1,-8.186461436974188,0.32346309027741565,0.3175635170049126,"
     RDKit          3D

 37 41  0  0  0  0  0  0  0  0999 V2000
    0.4507   -9.9880  -13.4144 O   0  0  0  0  0  0  0  0  0  0  0  0
    0.5454  -10.0273  -14.6205 C   0  0  0  0  0  0  0  0  0  0  0  0
    1.9394  -10.2100  -15.2832 C   0  0  0  0  0  0  0  0  0  0  0  0
    1.9943   -9.7078  -16.6676 N   0  0  0  0  0  0  0  0  0  0  0  0
    3.5467   -9.6753  -17.3672 S   0  0  0  0  0  0  0  0  0  0  0  0
    4.1539  -10.9898  -17.1643 O   0  0  0  0  0  0  0  0  0  0  0  0
    3.3713   -9.1061  -18.7133 O   0  0  0  0  0  0  0  0  0  0  0  0
    4.4105   -8.4215  -16.4068 C   0  0  0  0  0  0  0  0  0  0  0  0
    5.4093   -8.8071  -15.4900 C   0  0  0  0  0  0  0  0  0  0  0  0
    6.1502   -7.8318  -14.8070 C   0  0  0  0  0  0  0  0  0  0  0  0
    5.9047   -6.4691  -15.0390 C   0  0  0  0  0  0  0  0  0  0  0  0
    6.6467   -5.4944  -14.3539 C   0  0  0  0  0  0  0  0  0  0  0  0
    6.3879   -4.1331  -14.5770 C   0  0  0  0  0  0  0  0  0  0  0  0
    7.3165   -2.9206  -13.7199 Cl  0  0  0  0  0  0  0  0  0  0  0  0
    5.3906   -3.7420  -15.4853 C   0  0  0  0  0  0  0  0  0  0  0  0
    4.6489   -4.7166  -16.1745 C   0  0  0  0  0  0  0  0  0  0  0  0
    4.9035   -6.0800  -15.9530 C   0  0  0  0  0  0  0  0  0  0  0  0
    4.1631   -7.0592  -16.6372 C   0  0  0  0  0  0  0  0  0  0  0  0
    0.9479  -10.3196  -17.4912 C   0  0  0  0  0  0  0  0  0  0  0  0
   -0.4688   -9.9807  -16.9452 C   0  0  0  0  0  0  0  0  0  0  0  0
   -0.5376   -9.9062  -15.4849 N   0  0  0  0  0  0  0  0  0  0  0  0
   -1.8673   -9.4614  -14.9603 C   0  0  0  0  0  0  0  0  0  0  0  0
   -2.8956  -10.5932  -14.6889 C   0  0  0  0  0  0  0  0  0  0  0  0
   -2.2619  -11.9786  -14.6387 C   0  0  0  0  0  0  0  0  0  0  0  0
   -2.9106  -13.0741  -14.4708 N   0  0  0  0  0  0  0  0  0  0  0  0
   -2.0706  -14.1908  -14.4809 O   0  0  0  0  0  0  0  0  0  0  0  0
   -3.5679  -10.2944  -13.3163 C   0  0  0  0  0  0  0  0  0  0  0  0
   -4.3719   -8.9722  -13.3336 C   0  0  0  0  0  0  0  0  0  0  0  0
   -5.3625   -8.9544  -14.4192 N   0  0  0  0  0  0  0  0  0  0  0  0
   -6.6710   -8.5039  -14.2157 C   0  0  0  0  0  0  0  0  0  0  0  0
   -7.6042   -8.4590  -15.2656 C   0  0  0  0  0  0  0  0  0  0  0  0
   -8.9045   -7.9908  -15.0113 C   0  0  0  0  0  0  0  0  0  0  0  0
   -9.3139   -7.5718  -13.7944 N   0  0  0  0  0  0  0  0  0  0  0  0
   -8.4173   -7.6160  -12.7833 C   0  0  0  0  0  0  0  0  0  0  0  0
   -7.0995   -8.0681  -12.9451 C   0  0  0  0  0  0  0  0  0  0  0  0
   -4.8363   -9.2502  -15.7697 C   0  0  0  0  0  0  0  0  0  0  0  0
   -3.9925  -10.5545  -15.7842 C   0  0  0  0  0  0  0  0  0  0  0  0
  1  2  2  0
  2  3  1  0
  3  4  1  0
  4  5  1  0
  5  6  2  0
  5  7  2  0
  5  8  1  0
  8  9  2  0
  9 10  1  0
 10 11  2  0
 11 12  1  0
 12 13  2  0
 13 14  1  0
 13 15  1  0
 15 16  2  0
 16 17  1  0
 17 18  2  0
  4 19  1  0
 19 20  1  0
 20 21  1  0
 21 22  1  0
 22 23  1  0
 23 24  1  0
 24 25  2  0
 25 26  1  0
 23 27  1  0
 27 28  1  0
 28 29  1  0
 29 30  1  0
 30 31  2  0
 31 32  1  0
 32 33  2  0
 33 34  1  0
 34 35  2  0
 29 36  1  0
 36 37  1  0
 21  2  1  0
 37 23  1  0
 18  8  1  0
 35 30  1  0
 17 11  1  0
M  END
"
1iqh,COMPLETED,0.9586078524589539,-3.0499677658081055,9.049967765808105,COMPLETED,39.90072751045227,O=C1CN(S(=O)(=O)c2ccc3cc(Cl)ccc3c2)CCN1CC1(CO)CCN(c2ccncc2)CC1,-8.977649358645033,0.2189766662479574,0.4032608806809787,"
     RDKit          3D

 36 40  0  0  0  0  0  0  0  0999 V2000
    1.5539  -12.9315  -13.0558 O   0  0  0  0  0  0  0  0  0  0  0  0
    1.6596  -11.7788  -13.4066 C   0  0  0  0  0  0  0  0  0  0  0  0
    1.9124  -11.4184  -14.9102 C   0  0  0  0  0  0  0  0  0  0  0  0
    2.5429  -10.1118  -15.1745 N   0  0  0  0  0  0  0  0  0  0  0  0
    3.3892   -9.9129  -16.6477 S   0  0  0  0  0  0  0  0  0  0  0  0
    2.4117   -9.4816  -17.6559 O   0  0  0  0  0  0  0  0  0  0  0  0
    4.2409  -11.0946  -16.8213 O   0  0  0  0  0  0  0  0  0  0  0  0
    4.4693   -8.5208  -16.2947 C   0  0  0  0  0  0  0  0  0  0  0  0
    5.7250   -8.7393  -15.6752 C   0  0  0  0  0  0  0  0  0  0  0  0
    6.4847   -7.6797  -15.2272 C   0  0  0  0  0  0  0  0  0  0  0  0
    6.0283   -6.3485  -15.3576 C   0  0  0  0  0  0  0  0  0  0  0  0
    6.7487   -5.2985  -14.8455 C   0  0  0  0  0  0  0  0  0  0  0  0
    6.2816   -3.9671  -14.9521 C   0  0  0  0  0  0  0  0  0  0  0  0
    7.1692   -2.6612  -14.2734 Cl  0  0  0  0  0  0  0  0  0  0  0  0
    5.0584   -3.7391  -15.6435 C   0  0  0  0  0  0  0  0  0  0  0  0
    4.3382   -4.7887  -16.1596 C   0  0  0  0  0  0  0  0  0  0  0  0
    4.7863   -6.1268  -16.0281 C   0  0  0  0  0  0  0  0  0  0  0  0
    4.0267   -7.1887  -16.4704 C   0  0  0  0  0  0  0  0  0  0  0  0
    3.0568   -9.3869  -13.9991 C   0  0  0  0  0  0  0  0  0  0  0  0
    1.9884   -9.3579  -12.8914 C   0  0  0  0  0  0  0  0  0  0  0  0
    1.5983  -10.7052  -12.5172 N   0  0  0  0  0  0  0  0  0  0  0  0
    1.3007  -10.8827  -11.0711 C   0  0  0  0  0  0  0  0  0  0  0  0
   -0.1165  -10.5073  -10.5830 C   0  0  0  0  0  0  0  0  0  0  0  0
    0.0419  -10.0778   -9.1098 C   0  0  0  0  0  0  0  0  0  0  0  0
   -1.1980   -9.7147   -8.4752 O   0  0  0  0  0  0  0  0  0  0  0  0
   -1.0567  -11.7435  -10.6645 C   0  0  0  0  0  0  0  0  0  0  0  0
   -1.5458  -12.1112  -12.0870 C   0  0  0  0  0  0  0  0  0  0  0  0
   -1.7644  -10.9366  -12.9597 N   0  0  0  0  0  0  0  0  0  0  0  0
   -1.6395  -11.0239  -14.3464 C   0  0  0  0  0  0  0  0  0  0  0  0
   -1.5911   -9.8766  -15.1570 C   0  0  0  0  0  0  0  0  0  0  0  0
   -1.4769  -10.0139  -16.5457 C   0  0  0  0  0  0  0  0  0  0  0  0
   -1.4090  -11.2266  -17.1601 N   0  0  0  0  0  0  0  0  0  0  0  0
   -1.4419  -12.3168  -16.3942 C   0  0  0  0  0  0  0  0  0  0  0  0
   -1.5573  -12.2761  -14.9848 C   0  0  0  0  0  0  0  0  0  0  0  0
   -1.9293   -9.6407  -12.2644 C   0  0  0  0  0  0  0  0  0  0  0  0
   -0.7183   -9.2950  -11.4025 C   0  0  0  0  0  0  0  0  0  0  0  0
  1  2  2  0
  2  3  1  0
  3  4  1  0
  4  5  1  0
  5  6  2  0
  5  7  2  0
  5  8  1  0
  8  9  2  0
  9 10  1  0
 10 11  2  0
 11 12  1  0
 12 13  2  0
 13 14  1  0
 13 15  1  0
 15 16  2  0
 16 17  1  0
 17 18  2  0
  4 19  1  0
 19 20  1  0
 20 21  1  0
 21 22  1  0
 22 23  1  0
 23 24  1  0
 24 25  1  0
 23 26  1  0
 26 27  1  0
 27 28  1  0
 28 29  1  0
 29 30  2  0
 30 31  1  0
 31 32  2  0
 32 33  1  0
 33 34  2  0
 28 35  1  0
 35 36  1  0
 21  2  1  0
 36 23  1  0
 18  8  1  0
 34 29  1  0
 17 11  1  0
M  END
"
2j34,COMPLETED,0.8863123059272766,-2.1165943145751953,8.116594314575195,COMPLETED,33.826661586761475,C[C@@H](C(=O)N1CCOCC1)N1CC[C@H](NS(=O)(=O)c2cc3ccc(Cl)cc3s2)C1=O,-9.954903879243844,0.3329766588861938,0.45950370409591607,"
     RDKit          3D

 30 33  0  0  0  0  0  0  0  0999 V2000
   -0.7455   -8.7730  -11.8864 C   0  0  0  0  0  0  0  0  0  0  0  0
    0.2782   -9.9030  -11.9470 C   0  0  1  0  0  0  0  0  0  0  0  0
   -0.1279  -11.1357  -11.0906 C   0  0  0  0  0  0  0  0  0  0  0  0
   -0.3927  -12.2198  -11.5693 O   0  0  0  0  0  0  0  0  0  0  0  0
   -0.2253  -10.9028   -9.7098 N   0  0  0  0  0  0  0  0  0  0  0  0
    0.3828   -9.7221   -9.0626 C   0  0  0  0  0  0  0  0  0  0  0  0
   -0.4448   -9.2244   -7.8410 C   0  0  0  0  0  0  0  0  0  0  0  0
   -0.6888  -10.3305   -6.9670 O   0  0  0  0  0  0  0  0  0  0  0  0
   -1.4971  -11.3611   -7.5819 C   0  0  0  0  0  0  0  0  0  0  0  0
   -0.7196  -11.9431   -8.7941 C   0  0  0  0  0  0  0  0  0  0  0  0
    0.6095  -10.2771  -13.3547 N   0  0  0  0  0  0  0  0  0  0  0  0
   -0.4241  -10.7074  -14.2654 C   0  0  0  0  0  0  0  0  0  0  0  0
    0.2378  -10.7358  -15.6699 C   0  0  0  0  0  0  0  0  0  0  0  0
    1.7078  -10.3400  -15.4588 C   0  0  1  0  0  0  0  0  0  0  0  0
    2.0910   -9.2041  -16.3260 N   0  0  0  0  0  0  0  0  0  0  0  0
    3.6336   -9.2803  -17.0471 S   0  0  0  0  0  0  0  0  0  0  0  0
    4.3222  -10.4526  -16.5368 O   0  0  0  0  0  0  0  0  0  0  0  0
    3.4058   -9.0927  -18.4958 O   0  0  0  0  0  0  0  0  0  0  0  0
    4.4249   -7.8184  -16.3939 C   0  0  0  0  0  0  0  0  0  0  0  0
    4.0922   -6.5228  -16.7243 C   0  0  0  0  0  0  0  0  0  0  0  0
    4.8729   -5.5777  -16.0167 C   0  0  0  0  0  0  0  0  0  0  0  0
    4.7618   -4.1719  -16.0596 C   0  0  0  0  0  0  0  0  0  0  0  0
    5.5735   -3.3881  -15.2783 C   0  0  0  0  0  0  0  0  0  0  0  0
    6.5368   -3.9817  -14.3961 C   0  0  0  0  0  0  0  0  0  0  0  0
    7.5353   -2.9905  -13.4094 Cl  0  0  0  0  0  0  0  0  0  0  0  0
    6.6344   -5.3904  -14.3596 C   0  0  0  0  0  0  0  0  0  0  0  0
    5.8195   -6.1552  -15.1533 C   0  0  0  0  0  0  0  0  0  0  0  0
    5.7618   -7.9265  -15.2028 S   0  0  0  0  0  0  0  0  0  0  0  0
    1.8171   -9.9811  -13.9634 C   0  0  0  0  0  0  0  0  0  0  0  0
    2.7829   -9.5244  -13.4224 O   0  0  0  0  0  0  0  0  0  0  0  0
  2  1  1  6
  2  3  1  0
  3  4  2  0
  3  5  1  0
  5  6  1  0
  6  7  1  0
  7  8  1  0
  8  9  1  0
  9 10  1  0
  2 11  1  0
 11 12  1  0
 12 13  1  0
 13 14  1  0
 14 15  1  1
 15 16  1  0
 16 17  2  0
 16 18  2  0
 16 19  1  0
 19 20  2  0
 20 21  1  0
 21 22  2  0
 22 23  1  0
 23 24  2  0
 24 25  1  0
 24 26  1  0
 26 27  2  0
 27 28  1  0
 14 29  1  0
 29 30  2  0
 10  5  1  0
 29 11  1  0
 28 19  1  0
 27 21  1  0
M  END
"
4y71,COMPLETED,0.8674765825271606,-1.9157500267028809,7.915750026702881,COMPLETED,34.56241035461426,C[C@@H](C(=O)N1CCC(=O)N(C)CC1)N1CC[C@H](NS(=O)(=O)c2ccc3cc(Cl)ccc3c2)C1=O,-9.212785928215183,0.296674034897916,0.4044761397449158,"
     RDKit          3D

 34 37  0  0  0  0  0  0  0  0999 V2000
   -1.3391  -13.6880  -14.0782 C   0  0  0  0  0  0  0  0  0  0  0  0
   -0.8838  -12.5307  -13.1541 C   0  0  1  0  0  0  0  0  0  0  0  0
   -0.7523  -13.0196  -11.6876 C   0  0  0  0  0  0  0  0  0  0  0  0
   -0.4342  -14.1631  -11.4106 O   0  0  0  0  0  0  0  0  0  0  0  0
   -1.2136  -12.1299  -10.7227 N   0  0  0  0  0  0  0  0  0  0  0  0
   -1.7798  -12.6063   -9.4475 C   0  0  0  0  0  0  0  0  0  0  0  0
   -0.8328  -12.4334   -8.2643 C   0  0  0  0  0  0  0  0  0  0  0  0
   -0.9260  -11.0182   -7.6269 C   0  0  0  0  0  0  0  0  0  0  0  0
   -1.2031  -10.8839   -6.4630 O   0  0  0  0  0  0  0  0  0  0  0  0
   -0.7126   -9.9606   -8.5017 N   0  0  0  0  0  0  0  0  0  0  0  0
   -0.8727   -8.5609   -8.0350 C   0  0  0  0  0  0  0  0  0  0  0  0
   -0.0950  -10.1023   -9.8136 C   0  0  0  0  0  0  0  0  0  0  0  0
   -1.0935  -10.6739  -10.8587 C   0  0  0  0  0  0  0  0  0  0  0  0
    0.3489  -11.9109  -13.6599 N   0  0  0  0  0  0  0  0  0  0  0  0
    1.6132  -12.6492  -13.6364 C   0  0  0  0  0  0  0  0  0  0  0  0
    2.4978  -12.0062  -14.7165 C   0  0  0  0  0  0  0  0  0  0  0  0
    1.6421  -10.9158  -15.3976 C   0  0  2  0  0  0  0  0  0  0  0  0
    2.3260   -9.6139  -15.4413 N   0  0  0  0  0  0  0  0  0  0  0  0
    3.2399   -9.2966  -16.8389 S   0  0  0  0  0  0  0  0  0  0  0  0
    2.3249   -8.6768  -17.8277 O   0  0  0  0  0  0  0  0  0  0  0  0
    4.0073  -10.4954  -17.1371 O   0  0  0  0  0  0  0  0  0  0  0  0
    4.3771   -8.0527  -16.2348 C   0  0  0  0  0  0  0  0  0  0  0  0
    5.4814   -8.4605  -15.4449 C   0  0  0  0  0  0  0  0  0  0  0  0
    6.3080   -7.5031  -14.8585 C   0  0  0  0  0  0  0  0  0  0  0  0
    6.0467   -6.1348  -15.0352 C   0  0  0  0  0  0  0  0  0  0  0  0
    6.8317   -5.1806  -14.3898 C   0  0  0  0  0  0  0  0  0  0  0  0
    6.5534   -3.8146  -14.5442 C   0  0  0  0  0  0  0  0  0  0  0  0
    7.5237   -2.6307  -13.7161 Cl  0  0  0  0  0  0  0  0  0  0  0  0
    5.4870   -3.4040  -15.3722 C   0  0  0  0  0  0  0  0  0  0  0  0
    4.6962   -4.3579  -16.0157 C   0  0  0  0  0  0  0  0  0  0  0  0
    4.9608   -5.7286  -15.8498 C   0  0  0  0  0  0  0  0  0  0  0  0
    4.1356   -6.6907  -16.4381 C   0  0  0  0  0  0  0  0  0  0  0  0
    0.3403  -10.8888  -14.5931 C   0  0  0  0  0  0  0  0  0  0  0  0
   -0.6117  -10.1671  -14.8108 O   0  0  0  0  0  0  0  0  0  0  0  0
  2  1  1  6
  2  3  1  0
  3  4  2  0
  3  5  1  0
  5  6  1  0
  6  7  1  0
  7  8  1  0
  8  9  2  0
  8 10  1  0
 10 11  1  0
 10 12  1  0
 12 13  1  0
  2 14  1  0
 14 15  1  0
 15 16  1  0
 16 17  1  0
 17 18  1  1
 18 19  1  0
 19 20  2  0
 19 21  2  0
 19 22  1  0
 22 23  2  0
 23 24  1  0
 24 25  2  0
 25 26  1  0
 26 27  2  0
 27 28  1  0
 27 29  1  0
 29 30  2  0
 30 31  1  0
 31 32  2  0
 17 33  1  0
 33 34  2  0
 13  5  1  0
 33 14  1  0
 32 22  1  0
 31 25  1  0
M  END
"
1iqn,COMPLETED,0.963371992111206,-3.1791439056396484,9.179143905639648,COMPLETED,45.26092886924744,O=C([C@H]1CN(S(=O)(=O)c2ccc3cc(Cl)ccc3c2)CC(=O)N1CC1CCN(c2ccncc2)CC1)N1CCOCC1,-9.819486006897645,0.23764312012065505,0.34745744174722665,"
     RDKit          3D

 42 47  0  0  0  0  0  0  0  0999 V2000
    0.5247  -14.1096  -15.7747 O   0  0  0  0  0  0  0  0  0  0  0  0
    0.2193  -12.9195  -15.7029 C   0  0  0  0  0  0  0  0  0  0  0  0
    1.2482  -11.8381  -15.2892 C   0  0  2  0  0  0  0  0  0  0  0  0
    1.7010  -11.0109  -16.5350 C   0  0  0  0  0  0  0  0  0  0  0  0
    2.8766  -10.2091  -16.2442 N   0  0  0  0  0  0  0  0  0  0  0  0
    3.2331   -9.0127  -17.4200 S   0  0  0  0  0  0  0  0  0  0  0  0
    2.0076   -8.2743  -17.6606 O   0  0  0  0  0  0  0  0  0  0  0  0
    3.9509   -9.6938  -18.5074 O   0  0  0  0  0  0  0  0  0  0  0  0
    4.3643   -7.8996  -16.5542 C   0  0  0  0  0  0  0  0  0  0  0  0
    5.4806   -8.3907  -15.8785 C   0  0  0  0  0  0  0  0  0  0  0  0
    6.3222   -7.5137  -15.1591 C   0  0  0  0  0  0  0  0  0  0  0  0
    6.0407   -6.1408  -15.1565 C   0  0  0  0  0  0  0  0  0  0  0  0
    6.8575   -5.2660  -14.4091 C   0  0  0  0  0  0  0  0  0  0  0  0
    6.5702   -3.8907  -14.4102 C   0  0  0  0  0  0  0  0  0  0  0  0
    7.5766   -2.8071  -13.4642 Cl  0  0  0  0  0  0  0  0  0  0  0  0
    5.5037   -3.3814  -15.1507 C   0  0  0  0  0  0  0  0  0  0  0  0
    4.6780   -4.2574  -15.8902 C   0  0  0  0  0  0  0  0  0  0  0  0
    4.9500   -5.6338  -15.8771 C   0  0  0  0  0  0  0  0  0  0  0  0
    4.0995   -6.5158  -16.5773 C   0  0  0  0  0  0  0  0  0  0  0  0
    4.0049  -11.0536  -15.8375 C   0  0  0  0  0  0  0  0  0  0  0  0
    3.6876  -11.9164  -14.5988 C   0  0  0  0  0  0  0  0  0  0  0  0
    4.5717  -12.2114  -13.8078 O   0  0  0  0  0  0  0  0  0  0  0  0
    2.3761  -12.3509  -14.4606 N   0  0  0  0  0  0  0  0  0  0  0  0
    1.9673  -13.0840  -13.2362 C   0  0  0  0  0  0  0  0  0  0  0  0
    1.0300  -12.2577  -12.3387 C   0  0  0  0  0  0  0  0  0  0  0  0
    1.6667  -10.9684  -11.7402 C   0  0  0  0  0  0  0  0  0  0  0  0
    0.7063  -10.2074  -10.7908 C   0  0  0  0  0  0  0  0  0  0  0  0
   -0.6319  -10.8332  -10.7464 N   0  0  0  0  0  0  0  0  0  0  0  0
   -1.6476  -10.3948  -11.5815 C   0  0  0  0  0  0  0  0  0  0  0  0
   -2.7461  -11.2230  -11.9129 C   0  0  0  0  0  0  0  0  0  0  0  0
   -3.7198  -10.7528  -12.8008 C   0  0  0  0  0  0  0  0  0  0  0  0
   -3.6833   -9.5348  -13.3720 N   0  0  0  0  0  0  0  0  0  0  0  0
   -2.6174   -8.7371  -13.0668 C   0  0  0  0  0  0  0  0  0  0  0  0
   -1.6047   -9.1209  -12.1986 C   0  0  0  0  0  0  0  0  0  0  0  0
   -0.5775  -12.2499  -10.3065 C   0  0  0  0  0  0  0  0  0  0  0  0
    0.2850  -13.1015  -11.2818 C   0  0  0  0  0  0  0  0  0  0  0  0
   -1.0325  -12.4508  -16.0601 N   0  0  0  0  0  0  0  0  0  0  0  0
   -1.4596  -11.0575  -15.8451 C   0  0  0  0  0  0  0  0  0  0  0  0
   -2.2288  -10.4153  -17.0444 C   0  0  0  0  0  0  0  0  0  0  0  0
   -2.6597  -11.4332  -17.9875 O   0  0  0  0  0  0  0  0  0  0  0  0
   -3.1961  -12.6074  -17.3632 C   0  0  0  0  0  0  0  0  0  0  0  0
   -2.0691  -13.3561  -16.6368 C   0  0  0  0  0  0  0  0  0  0  0  0
  1  2  2  0
  3  2  1  1
  3  4  1  0
  4  5  1  0
  5  6  1  0
  6  7  2  0
  6  8  2  0
  6  9  1  0
  9 10  2  0
 10 11  1  0
 11 12  2  0
 12 13  1  0
 13 14  2  0
 14 15  1  0
 14 16  1  0
 16 17  2  0
 17 18  1  0
 18 19  2  0
  5 20  1  0
 20 21  1  0
 21 22  2  0
 21 23  1  0
 23 24  1  0
 24 25  1  0
 25 26  1  0
 26 27  1  0
 27 28  1  0
 28 29  1  0
 29 30  2  0
 30 31  1  0
 31 32  2  0
 32 33  1  0
 33 34  2  0
 28 35  1  0
 35 36  1  0
  2 37  1  0
 37 38  1  0
 38 39  1  0
 39 40  1  0
 40 41  1  0
 41 42  1  0
 23  3  1  0
 36 25  1  0
 42 37  1  0
 19  9  1  0
 34 29  1  0
 18 12  1  0
M  END
"
2j38,COMPLETED,0.840969979763031,-1.711343765258789,7.711343765258789,COMPLETED,34.030105113983154,C[C@@H](C(=O)N1CCOCC1)N1CC[C@H](NS(=O)(=O)c2cc3cc(Cl)ccc3s2)C1=O,-9.44574651308738,0.212378744901485,0.3610760556967963,"
     RDKit          3D

 30 33  0  0  0  0  0  0  0  0999 V2000
   -0.8623   -9.0594  -11.8844 C   0  0  0  0  0  0  0  0  0  0  0  0
    0.2001  -10.1789  -11.8921 C   0  0  1  0  0  0  0  0  0  0  0  0
   -0.1071  -11.3044  -10.8536 C   0  0  0  0  0  0  0  0  0  0  0  0
   -0.2828  -12.4693  -11.1843 O   0  0  0  0  0  0  0  0  0  0  0  0
   -0.2162  -10.9019   -9.5237 N   0  0  0  0  0  0  0  0  0  0  0  0
    0.3326   -9.6317   -9.0211 C   0  0  0  0  0  0  0  0  0  0  0  0
   -0.5118   -9.0217   -7.8676 C   0  0  0  0  0  0  0  0  0  0  0  0
   -0.7152  -10.0306   -6.8600 O   0  0  0  0  0  0  0  0  0  0  0  0
   -1.4691  -11.1572   -7.3507 C   0  0  0  0  0  0  0  0  0  0  0  0
   -0.6685  -11.8483   -8.4773 C   0  0  0  0  0  0  0  0  0  0  0  0
    0.4371  -10.6963  -13.2561 N   0  0  0  0  0  0  0  0  0  0  0  0
   -0.5879  -11.4558  -13.9608 C   0  0  0  0  0  0  0  0  0  0  0  0
    0.0127  -11.8171  -15.3312 C   0  0  0  0  0  0  0  0  0  0  0  0
    1.4211  -11.1532  -15.3731 C   0  0  1  0  0  0  0  0  0  0  0  0
    1.5426  -10.2598  -16.5265 N   0  0  0  0  0  0  0  0  0  0  0  0
    2.9783  -10.3139  -17.4255 S   0  0  0  0  0  0  0  0  0  0  0  0
    2.6375   -9.9779  -18.7863 O   0  0  0  0  0  0  0  0  0  0  0  0
    3.6435  -11.6131  -17.1063 O   0  0  0  0  0  0  0  0  0  0  0  0
    3.9541   -8.9992  -16.7059 C   0  0  0  0  0  0  0  0  0  0  0  0
    3.7108   -7.6408  -16.9598 C   0  0  0  0  0  0  0  0  0  0  0  0
    4.6392   -6.8256  -16.2598 C   0  0  0  0  0  0  0  0  0  0  0  0
    4.6883   -5.4212  -16.2600 C   0  0  0  0  0  0  0  0  0  0  0  0
    5.6464   -4.7602  -15.5136 C   0  0  0  0  0  0  0  0  0  0  0  0
    5.7292   -3.0164  -15.4928 Cl  0  0  0  0  0  0  0  0  0  0  0  0
    6.5949   -5.4976  -14.7288 C   0  0  0  0  0  0  0  0  0  0  0  0
    6.5331   -6.9037  -14.7450 C   0  0  0  0  0  0  0  0  0  0  0  0
    5.5715   -7.5445  -15.4890 C   0  0  0  0  0  0  0  0  0  0  0  0
    5.3247   -9.2844  -15.6332 S   0  0  0  0  0  0  0  0  0  0  0  0
    1.5471  -10.4388  -14.0303 C   0  0  0  0  0  0  0  0  0  0  0  0
    2.4986   -9.7501  -13.6737 O   0  0  0  0  0  0  0  0  0  0  0  0
  2  1  1  6
  2  3  1  0
  3  4  2  0
  3  5  1  0
  5  6  1  0
  6  7  1  0
  7  8  1  0
  8  9  1  0
  9 10  1  0
  2 11  1  0
 11 12  1  0
 12 13  1  0
 13 14  1  0
 14 15  1  1
 15 16  1  0
 16 17  2  0
 16 18  2  0
 16 19  1  0
 19 20  2  0
 20 21  1  0
 21 22  2  0
 22 23  1  0
 23 24  1  0
 23 25  2  0
 25 26  1  0
 26 27  2  0
 27 28  1  0
 14 29  1  0
 29 30  2  0
 10  5  1  0
 29 11  1  0
 28 19  1  0
 27 21  1  0
M  END
"
