ligand_id,status_boltz3daffinity,affinity_probability_binary,affinity_pred_value,affinity_pIC50_pred_value,status_3ddock,time_elapsed_3ddock,ligand_smiles,vina_score,pharmaco_score,shape_score,ligand_pose_sdf,filtering_score
1ioe,COMPLETED,0.9423025846481323,-2.591930389404297,8.591930389404297,COMPLETED,42.91324782371521,COC[C@@]12CN(S(=O)(=O)c3ccc4cc(Cl)ccc4c3)CC(=O)N1CC1(CCN(c3ccncc3)CC1)O2,-9.793932764137478,0.27999488002126255,0.32560413439169666,"
     RDKit          3D

 38 43  0  0  0  0  0  0  0  0999 V2000
   -0.9160  -13.0942  -17.1116 C   0  0  0  0  0  0  0  0  0  0  0  0
    0.4282  -12.7543  -16.7283 O   0  0  0  0  0  0  0  0  0  0  0  0
    0.6233  -12.8216  -15.3011 C   0  0  0  0  0  0  0  0  0  0  0  0
    0.7288  -11.3856  -14.6687 C   0  0  1  0  0  0  0  0  0  0  0  0
    2.0408  -10.6629  -15.1036 C   0  0  0  0  0  0  0  0  0  0  0  0
    1.8864   -9.7362  -16.2730 N   0  0  0  0  0  0  0  0  0  0  0  0
    3.2654   -9.5762  -17.2636 S   0  0  0  0  0  0  0  0  0  0  0  0
    2.8188   -8.9330  -18.4999 O   0  0  0  0  0  0  0  0  0  0  0  0
    3.9352  -10.8858  -17.2994 O   0  0  0  0  0  0  0  0  0  0  0  0
    4.2688   -8.3724  -16.3832 C   0  0  0  0  0  0  0  0  0  0  0  0
    5.3048   -8.7925  -15.5225 C   0  0  0  0  0  0  0  0  0  0  0  0
    6.1010   -7.8474  -14.8715 C   0  0  0  0  0  0  0  0  0  0  0  0
    5.8833   -6.4728  -15.0691 C   0  0  0  0  0  0  0  0  0  0  0  0
    6.6602   -5.5251  -14.3982 C   0  0  0  0  0  0  0  0  0  0  0  0
    6.4229   -4.1552  -14.5801 C   0  0  0  0  0  0  0  0  0  0  0  0
    7.3794   -2.9743  -13.7244 Cl  0  0  0  0  0  0  0  0  0  0  0  0
    5.3998   -3.7303  -15.4574 C   0  0  0  0  0  0  0  0  0  0  0  0
    4.6236   -4.6756  -16.1308 C   0  0  0  0  0  0  0  0  0  0  0  0
    4.8506   -6.0503  -15.9419 C   0  0  0  0  0  0  0  0  0  0  0  0
    4.0551   -6.9983  -16.5901 C   0  0  0  0  0  0  0  0  0  0  0  0
    0.5939   -9.8146  -16.9854 C   0  0  0  0  0  0  0  0  0  0  0  0
   -0.6171   -9.7880  -16.0350 C   0  0  0  0  0  0  0  0  0  0  0  0
   -1.6056   -9.1240  -16.2406 O   0  0  0  0  0  0  0  0  0  0  0  0
   -0.4402  -10.5608  -14.8956 N   0  0  0  0  0  0  0  0  0  0  0  0
   -1.2340  -10.4278  -13.6657 C   0  0  0  0  0  0  0  0  0  0  0  0
   -0.5463  -11.3766  -12.6821 C   0  0  0  0  0  0  0  0  0  0  0  0
   -0.4003  -10.7753  -11.2583 C   0  0  0  0  0  0  0  0  0  0  0  0
   -0.2745  -11.8373  -10.1471 C   0  0  0  0  0  0  0  0  0  0  0  0
   -1.3804  -12.8582  -10.1857 N   0  0  0  0  0  0  0  0  0  0  0  0
   -1.2656  -14.0369   -9.4725 C   0  0  0  0  0  0  0  0  0  0  0  0
   -0.1148  -14.8270   -9.5237 C   0  0  0  0  0  0  0  0  0  0  0  0
   -0.0862  -16.0681   -8.8786 C   0  0  0  0  0  0  0  0  0  0  0  0
   -1.1524  -16.5499   -8.1755 N   0  0  0  0  0  0  0  0  0  0  0  0
   -2.2555  -15.7958   -8.1266 C   0  0  0  0  0  0  0  0  0  0  0  0
   -2.3814  -14.5469   -8.7576 C   0  0  0  0  0  0  0  0  0  0  0  0
   -2.1960  -12.8465  -11.4062 C   0  0  0  0  0  0  0  0  0  0  0  0
   -1.3206  -12.7450  -12.6461 C   0  0  0  0  0  0  0  0  0  0  0  0
    0.7676  -11.5965  -13.2293 O   0  0  0  0  0  0  0  0  0  0  0  0
  1  2  1  0
  2  3  1  0
  4  3  1  6
  4  5  1  0
  5  6  1  0
  6  7  1  0
  7  8  2  0
  7  9  2  0
  7 10  1  0
 10 11  2  0
 11 12  1  0
 12 13  2  0
 13 14  1  0
 14 15  2  0
 15 16  1  0
 15 17  1  0
 17 18  2  0
 18 19  1  0
 19 20  2  0
  6 21  1  0
 21 22  1  0
 22 23  2  0
 22 24  1  0
 24 25  1  0
 25 26  1  0
 26 27  1  0
 27 28  1  0
 28 29  1  0
 29 30  1  0
 30 31  2  0
 31 32  1  0
 32 33  2  0
 33 34  1  0
 34 35  2  0
 29 36  1  0
 36 37  1  0
 26 38  1  0
 24  4  1  0
 37 26  1  0
 38  4  1  0
 20 10  1  0
 35 30  1  0
 19 13  1  0
M  END
",2.9571756302753394
2uwo,COMPLETED,0.8683066368103027,-1.789289951324463,7.789289951324463,COMPLETED,31.862508058547974,C/C(=C\S(=O)(=O)N[C@H]1CCN([C@@H](C)C(=O)N2CCOCC2)C1=O)c1ccc(Cl)s1,-7.5752433432512145,0.2570022707770923,0.42358135407735553,"
     RDKit          3D

 29 31  0  0  0  0  0  0  0  0999 V2000
    3.7283   -6.2869  -17.1014 C   0  0  0  0  0  0  0  0  0  0  0  0
    4.7055   -7.0147  -16.1960 C   0  0  0  0  0  0  0  0  0  0  0  0
    4.7154   -8.3689  -16.1206 C   0  0  0  0  0  0  0  0  0  0  0  0
    3.6555   -9.5045  -17.0271 S   0  0  0  0  0  0  0  0  0  0  0  0
    3.5036   -9.0580  -18.4136 O   0  0  0  0  0  0  0  0  0  0  0  0
    4.1121  -10.8711  -16.7356 O   0  0  0  0  0  0  0  0  0  0  0  0
    2.1438   -9.2944  -16.2775 N   0  0  0  0  0  0  0  0  0  0  0  0
    1.6602  -10.4021  -15.4307 C   0  0  2  0  0  0  0  0  0  0  0  0
    0.1508  -10.6593  -15.6362 C   0  0  0  0  0  0  0  0  0  0  0  0
   -0.4867  -10.6519  -14.2270 C   0  0  0  0  0  0  0  0  0  0  0  0
    0.6029  -10.3350  -13.3044 N   0  0  0  0  0  0  0  0  0  0  0  0
    0.3047   -9.9376  -11.9086 C   0  0  1  0  0  0  0  0  0  0  0  0
   -0.5990   -8.6955  -11.8359 C   0  0  0  0  0  0  0  0  0  0  0  0
   -0.2176  -11.1249  -11.0433 C   0  0  0  0  0  0  0  0  0  0  0  0
   -0.5676  -12.1762  -11.5153 O   0  0  0  0  0  0  0  0  0  0  0  0
   -0.2657  -10.8803   -9.6596 N   0  0  0  0  0  0  0  0  0  0  0  0
   -0.7858  -11.9095   -8.7343 C   0  0  0  0  0  0  0  0  0  0  0  0
   -1.5089  -11.2914   -7.5036 C   0  0  0  0  0  0  0  0  0  0  0  0
   -0.6578  -10.3025   -6.9052 O   0  0  0  0  0  0  0  0  0  0  0  0
   -0.3789   -9.1966   -7.7906 C   0  0  0  0  0  0  0  0  0  0  0  0
    0.3956   -9.7348   -9.0218 C   0  0  0  0  0  0  0  0  0  0  0  0
    1.8050  -10.1148  -13.9368 C   0  0  0  0  0  0  0  0  0  0  0  0
    2.8263   -9.7416  -13.3797 O   0  0  0  0  0  0  0  0  0  0  0  0
    5.5981   -6.1721  -15.4039 C   0  0  0  0  0  0  0  0  0  0  0  0
    6.5710   -6.5914  -14.5391 C   0  0  0  0  0  0  0  0  0  0  0  0
    7.2488   -5.5292  -13.8610 C   0  0  0  0  0  0  0  0  0  0  0  0
    6.7624   -4.2957  -14.2383 C   0  0  0  0  0  0  0  0  0  0  0  0
    7.3601   -2.7747  -13.6357 Cl  0  0  0  0  0  0  0  0  0  0  0  0
    5.5029   -4.4039  -15.4320 S   0  0  0  0  0  0  0  0  0  0  0  0
  1  2  1  0
  2  3  2  0
  3  4  1  0
  4  5  2  0
  4  6  2  0
  4  7  1  0
  8  7  1  1
  8  9  1  0
  9 10  1  0
 10 11  1  0
 11 12  1  0
 12 13  1  6
 12 14  1  0
 14 15  2  0
 14 16  1  0
 16 17  1  0
 17 18  1  0
 18 19  1  0
 19 20  1  0
 20 21  1  0
 11 22  1  0
 22 23  2  0
  2 24  1  0
 24 25  2  0
 25 26  1  0
 26 27  2  0
 27 28  1  0
 27 29  1  0
 22  8  1  0
 29 24  1  0
 21 16  1  0
M  END
",2.499386881012599
2y80,COMPLETED,0.9039007425308228,-2.113466739654541,8.113466739654541,COMPLETED,35.779592514038086,C[NH+](C)[C@@H]1CCc2cc(N3CC[C@H](NS(=O)(=O)c4ccc5cc(Cl)ccc5c4)C3=O)ccc21,-10.358915882971134,0.3521394802910281,0.4593909810967641,"
     RDKit          3D

 33 37  0  0  0  0  0  0  0  0999 V2000
   -2.3096  -12.0250   -8.5909 C   0  0  0  0  0  0  0  0  0  0  0  0
   -0.8576  -11.6834   -8.1712 N   0  0  0  0  0  0  0  0  0  0  0  0
   -0.8425  -11.2391   -6.7638 C   0  0  0  0  0  0  0  0  0  0  0  0
   -0.3028  -10.6148   -9.0859 C   0  0  2  0  0  0  0  0  0  0  0  0
   -1.0188   -9.2489   -9.0871 C   0  0  0  0  0  0  0  0  0  0  0  0
   -1.2537   -8.8398  -10.5802 C   0  0  0  0  0  0  0  0  0  0  0  0
   -0.7018   -9.9961  -11.3589 C   0  0  0  0  0  0  0  0  0  0  0  0
   -0.6360  -10.1026  -12.7576 C   0  0  0  0  0  0  0  0  0  0  0  0
   -0.0521  -11.2523  -13.3287 C   0  0  0  0  0  0  0  0  0  0  0  0
    0.2125  -11.3049  -14.7276 N   0  0  0  0  0  0  0  0  0  0  0  0
    1.0943  -12.3440  -15.2706 C   0  0  0  0  0  0  0  0  0  0  0  0
    1.5530  -11.8521  -16.6526 C   0  0  0  0  0  0  0  0  0  0  0  0
    1.0460  -10.3850  -16.7586 C   0  0  2  0  0  0  0  0  0  0  0  0
    2.1447   -9.4359  -16.4773 N   0  0  0  0  0  0  0  0  0  0  0  0
    3.5732   -9.4499  -17.3841 S   0  0  0  0  0  0  0  0  0  0  0  0
    3.2385   -8.9368  -18.7206 O   0  0  0  0  0  0  0  0  0  0  0  0
    4.2302  -10.7430  -17.1799 O   0  0  0  0  0  0  0  0  0  0  0  0
    4.5431   -8.2045  -16.5083 C   0  0  0  0  0  0  0  0  0  0  0  0
    5.5317   -8.6113  -15.6300 C   0  0  0  0  0  0  0  0  0  0  0  0
    6.2849   -7.6363  -14.8960 C   0  0  0  0  0  0  0  0  0  0  0  0
    5.9902   -6.2791  -15.0860 C   0  0  0  0  0  0  0  0  0  0  0  0
    6.7235   -5.3250  -14.3553 C   0  0  0  0  0  0  0  0  0  0  0  0
    6.4352   -3.9496  -14.5245 C   0  0  0  0  0  0  0  0  0  0  0  0
    7.3504   -2.7739  -13.6370 Cl  0  0  0  0  0  0  0  0  0  0  0  0
    5.4237   -3.5556  -15.4149 C   0  0  0  0  0  0  0  0  0  0  0  0
    4.6965   -4.5024  -16.1341 C   0  0  0  0  0  0  0  0  0  0  0  0
    4.9877   -5.8763  -15.9686 C   0  0  0  0  0  0  0  0  0  0  0  0
    4.2468   -6.8362  -16.6965 C   0  0  0  0  0  0  0  0  0  0  0  0
    0.0196  -10.2949  -15.6550 C   0  0  0  0  0  0  0  0  0  0  0  0
   -0.8274   -9.4019  -15.5521 O   0  0  0  0  0  0  0  0  0  0  0  0
    0.4374  -12.2729  -12.4875 C   0  0  0  0  0  0  0  0  0  0  0  0
    0.3763  -12.1474  -11.0780 C   0  0  0  0  0  0  0  0  0  0  0  0
   -0.1776  -10.9900  -10.5484 C   0  0  0  0  0  0  0  0  0  0  0  0
  1  2  1  0
  2  3  1  0
  4  2  1  1
  4  5  1  0
  5  6  1  0
  6  7  1  0
  7  8  2  0
  8  9  1  0
  9 10  1  0
 10 11  1  0
 11 12  1  0
 12 13  1  0
 13 14  1  1
 14 15  1  0
 15 16  2  0
 15 17  2  0
 15 18  1  0
 18 19  2  0
 19 20  1  0
 20 21  2  0
 21 22  1  0
 22 23  2  0
 23 24  1  0
 23 25  1  0
 25 26  2  0
 26 27  1  0
 27 28  2  0
 13 29  1  0
 29 30  2  0
  9 31  2  0
 31 32  1  0
 32 33  2  0
 33  4  1  0
 33  7  1  0
 29 10  1  0
 28 18  1  0
 27 21  1  0
M  CHG  1   2   1
M  END
",4.166418571027037
2y7z,COMPLETED,0.9068173170089722,-2.1395435333251953,8.139543533325195,COMPLETED,35.788931369781494,C[NH+](C)[C@H]1CCc2cc(N3CC[C@H](NS(=O)(=O)c4ccc5cc(Cl)ccc5c4)C3=O)ccc21,-10.641538765768223,0.33504228936087954,0.46597576000812696,"
     RDKit          3D

 33 37  0  0  0  0  0  0  0  0999 V2000
   -0.9851  -12.7520   -8.8816 C   0  0  0  0  0  0  0  0  0  0  0  0
   -1.7695  -11.4873   -8.6412 N   0  0  0  0  0  0  0  0  0  0  0  0
   -1.8139  -11.1987   -7.1538 C   0  0  0  0  0  0  0  0  0  0  0  0
   -1.1792  -10.3084   -9.3930 C   0  0  1  0  0  0  0  0  0  0  0  0
    0.2885   -9.9382   -8.9876 C   0  0  0  0  0  0  0  0  0  0  0  0
    1.1714  -10.0818  -10.2521 C   0  0  0  0  0  0  0  0  0  0  0  0
    0.1957  -10.3996  -11.3524 C   0  0  0  0  0  0  0  0  0  0  0  0
    0.4948  -10.5934  -12.7022 C   0  0  0  0  0  0  0  0  0  0  0  0
   -0.5502  -10.8896  -13.5938 C   0  0  0  0  0  0  0  0  0  0  0  0
   -0.2448  -11.0765  -14.9634 N   0  0  0  0  0  0  0  0  0  0  0  0
    0.6184  -12.1836  -15.3645 C   0  0  0  0  0  0  0  0  0  0  0  0
    1.2598  -11.7505  -16.6992 C   0  0  0  0  0  0  0  0  0  0  0  0
    0.8734  -10.2761  -16.9120 C   0  0  2  0  0  0  0  0  0  0  0  0
    2.0054   -9.3779  -16.5661 N   0  0  0  0  0  0  0  0  0  0  0  0
    3.4515   -9.4742  -17.4471 S   0  0  0  0  0  0  0  0  0  0  0  0
    4.0544  -10.8073  -17.1870 O   0  0  0  0  0  0  0  0  0  0  0  0
    3.1969   -8.9867  -18.7834 O   0  0  0  0  0  0  0  0  0  0  0  0
    4.4588   -8.2620  -16.5600 C   0  0  0  0  0  0  0  0  0  0  0  0
    5.4470   -8.6823  -15.6851 C   0  0  0  0  0  0  0  0  0  0  0  0
    6.2099   -7.7283  -14.9545 C   0  0  0  0  0  0  0  0  0  0  0  0
    5.9380   -6.3681  -15.1321 C   0  0  0  0  0  0  0  0  0  0  0  0
    6.6865   -5.4150  -14.3909 C   0  0  0  0  0  0  0  0  0  0  0  0
    6.4058   -4.0540  -14.5575 C   0  0  0  0  0  0  0  0  0  0  0  0
    7.3435   -2.8708  -13.6411 Cl  0  0  0  0  0  0  0  0  0  0  0  0
    5.4105   -3.6191  -15.4305 C   0  0  0  0  0  0  0  0  0  0  0  0
    4.6604   -4.5728  -16.1715 C   0  0  0  0  0  0  0  0  0  0  0  0
    4.9409   -5.9357  -16.0090 C   0  0  0  0  0  0  0  0  0  0  0  0
    4.1837   -6.8886  -16.7423 C   0  0  0  0  0  0  0  0  0  0  0  0
   -0.2466  -10.0535  -15.8852 C   0  0  0  0  0  0  0  0  0  0  0  0
   -0.9701   -9.0790  -15.8410 O   0  0  0  0  0  0  0  0  0  0  0  0
   -1.8819  -10.9768  -13.1260 C   0  0  0  0  0  0  0  0  0  0  0  0
   -2.1670  -10.7896  -11.7607 C   0  0  0  0  0  0  0  0  0  0  0  0
   -1.1040  -10.4995  -10.8869 C   0  0  0  0  0  0  0  0  0  0  0  0
  1  2  1  0
  2  3  1  0
  4  2  1  1
  4  5  1  0
  5  6  1  0
  6  7  1  0
  7  8  2  0
  8  9  1  0
  9 10  1  0
 10 11  1  0
 11 12  1  0
 12 13  1  0
 13 14  1  1
 14 15  1  0
 15 16  2  0
 15 17  2  0
 15 18  1  0
 18 19  2  0
 19 20  1  0
 20 21  2  0
 21 22  1  0
 22 23  2  0
 23 24  1  0
 23 25  1  0
 25 26  2  0
 26 27  1  0
 27 28  2  0
 13 29  1  0
 29 30  2  0
  9 31  2  0
 31 32  1  0
 32 33  2  0
 33  4  1  0
 33  7  1  0
 29 10  1  0
 28 18  1  0
 27 21  1  0
M  CHG  1   2   1
M  END
",4.204708645989414
4y79,COMPLETED,0.6819759011268616,-1.3884496688842773,7.388449668884277,COMPLETED,31.312722206115723,C[C@@H](C(=O)N1CCOCC1)N1CC[C@H](NS(=O)(=O)/C=C/c2ccc(Cl)cc2)C1=O,-9.10001288966325,0.2970142174725729,0.4379920799829655,"
     RDKit          3D

 29 31  0  0  0  0  0  0  0  0999 V2000
   -0.7439   -8.7374  -11.8631 C   0  0  0  0  0  0  0  0  0  0  0  0
    0.2085   -9.9622  -11.9894 C   0  0  1  0  0  0  0  0  0  0  0  0
   -0.2496  -11.1497  -11.0979 C   0  0  0  0  0  0  0  0  0  0  0  0
   -0.6123  -12.2198  -11.5695 O   0  0  0  0  0  0  0  0  0  0  0  0
   -0.2649  -10.9206   -9.7210 N   0  0  0  0  0  0  0  0  0  0  0  0
   -0.7621  -11.9294   -8.7764 C   0  0  0  0  0  0  0  0  0  0  0  0
   -1.4830  -11.3070   -7.5500 C   0  0  0  0  0  0  0  0  0  0  0  0
   -0.6211  -10.3035   -6.9664 O   0  0  0  0  0  0  0  0  0  0  0  0
   -0.3507   -9.2157   -7.8673 C   0  0  0  0  0  0  0  0  0  0  0  0
    0.4173   -9.7582   -9.0972 C   0  0  0  0  0  0  0  0  0  0  0  0
    0.4374  -10.3421  -13.3926 N   0  0  0  0  0  0  0  0  0  0  0  0
   -0.6876  -10.6673  -14.2743 C   0  0  0  0  0  0  0  0  0  0  0  0
   -0.0899  -10.7534  -15.6922 C   0  0  0  0  0  0  0  0  0  0  0  0
    1.4269  -10.4995  -15.5511 C   0  0  1  0  0  0  0  0  0  0  0  0
    1.8773   -9.4038  -16.4312 N   0  0  0  0  0  0  0  0  0  0  0  0
    3.3917   -9.5575  -17.1716 S   0  0  0  0  0  0  0  0  0  0  0  0
    3.2537   -9.1306  -18.5475 O   0  0  0  0  0  0  0  0  0  0  0  0
    3.9052  -10.9195  -16.8543 O   0  0  0  0  0  0  0  0  0  0  0  0
    4.4010   -8.3861  -16.2563 C   0  0  0  0  0  0  0  0  0  0  0  0
    4.3918   -7.0528  -16.5139 C   0  0  0  0  0  0  0  0  0  0  0  0
    5.1737   -6.0107  -15.8057 C   0  0  0  0  0  0  0  0  0  0  0  0
    4.8616   -4.6540  -16.0056 C   0  0  0  0  0  0  0  0  0  0  0  0
    5.5657   -3.6600  -15.3011 C   0  0  0  0  0  0  0  0  0  0  0  0
    6.5728   -4.0308  -14.3955 C   0  0  0  0  0  0  0  0  0  0  0  0
    7.4509   -2.7979  -13.5135 Cl  0  0  0  0  0  0  0  0  0  0  0  0
    6.8900   -5.3798  -14.1999 C   0  0  0  0  0  0  0  0  0  0  0  0
    6.1870   -6.3718  -14.9099 C   0  0  0  0  0  0  0  0  0  0  0  0
    1.6302  -10.1895  -14.0661 C   0  0  0  0  0  0  0  0  0  0  0  0
    2.6803   -9.8515  -13.5445 O   0  0  0  0  0  0  0  0  0  0  0  0
  2  1  1  6
  2  3  1  0
  3  4  2  0
  3  5  1  0
  5  6  1  0
  6  7  1  0
  7  8  1  0
  8  9  1  0
  9 10  1  0
  2 11  1  0
 11 12  1  0
 12 13  1  0
 13 14  1  0
 14 15  1  1
 15 16  1  0
 16 17  2  0
 16 18  2  0
 16 19  1  0
 19 20  2  0
 20 21  1  0
 21 22  2  0
 22 23  1  0
 23 24  2  0
 24 25  1  0
 24 26  1  0
 26 27  2  0
 14 28  1  0
 28 29  2  0
 10  5  1  0
 28 11  1  0
 27 21  1  0
M  END
",3.2821902836567305
1nfw,COMPLETED,0.5772030353546143,-1.7643585205078125,7.7643585205078125,COMPLETED,33.43730425834656,O=C1CN(S(=O)(=O)/C=C/c2ccc(Cl)s2)CCN1Cc1cc2cnccc2[nH]1,-9.775616326047357,0.21296192426532537,0.3590200830528653,"
     RDKit          3D

 28 31  0  0  0  0  0  0  0  0999 V2000
    3.8209  -10.8050  -12.4467 O   0  0  0  0  0  0  0  0  0  0  0  0
    2.9574  -10.4816  -13.2572 C   0  0  0  0  0  0  0  0  0  0  0  0
    3.1354   -9.2967  -14.2087 C   0  0  0  0  0  0  0  0  0  0  0  0
    2.7573   -9.6044  -15.6097 N   0  0  0  0  0  0  0  0  0  0  0  0
    4.0136   -9.5184  -16.7522 S   0  0  0  0  0  0  0  0  0  0  0  0
    4.8544  -10.7145  -16.5828 O   0  0  0  0  0  0  0  0  0  0  0  0
    3.4159   -9.1538  -18.0342 O   0  0  0  0  0  0  0  0  0  0  0  0
    4.9253   -8.0846  -16.1845 C   0  0  0  0  0  0  0  0  0  0  0  0
    4.4987   -6.8117  -16.3975 C   0  0  0  0  0  0  0  0  0  0  0  0
    5.0958   -5.5983  -15.8815 C   0  0  0  0  0  0  0  0  0  0  0  0
    4.6620   -4.3041  -16.0862 C   0  0  0  0  0  0  0  0  0  0  0  0
    5.3971   -3.3285  -15.3765 C   0  0  0  0  0  0  0  0  0  0  0  0
    6.4005   -3.8918  -14.5983 C   0  0  0  0  0  0  0  0  0  0  0  0
    7.4760   -3.0151  -13.5748 Cl  0  0  0  0  0  0  0  0  0  0  0  0
    6.4676   -5.6238  -14.7799 S   0  0  0  0  0  0  0  0  0  0  0  0
    1.7470  -10.6725  -15.8013 C   0  0  0  0  0  0  0  0  0  0  0  0
    0.8834  -10.9213  -14.5388 C   0  0  0  0  0  0  0  0  0  0  0  0
    1.7339  -11.1254  -13.3543 N   0  0  0  0  0  0  0  0  0  0  0  0
    1.2858  -12.1369  -12.3936 C   0  0  0  0  0  0  0  0  0  0  0  0
    0.6223  -11.5630  -11.1612 C   0  0  0  0  0  0  0  0  0  0  0  0
   -0.3225  -12.2638  -10.4116 C   0  0  0  0  0  0  0  0  0  0  0  0
   -0.5829  -11.4389   -9.2705 C   0  0  0  0  0  0  0  0  0  0  0  0
   -1.3823  -11.6501   -8.1225 C   0  0  0  0  0  0  0  0  0  0  0  0
   -1.4029  -10.7490   -7.1319 N   0  0  0  0  0  0  0  0  0  0  0  0
   -0.6313   -9.6278   -7.2320 C   0  0  0  0  0  0  0  0  0  0  0  0
    0.2045   -9.3659   -8.3456 C   0  0  0  0  0  0  0  0  0  0  0  0
    0.1825  -10.3225   -9.3583 C   0  0  0  0  0  0  0  0  0  0  0  0
    0.9503  -10.3511  -10.5045 N   0  0  0  0  0  0  0  0  0  0  0  0
  1  2  2  0
  2  3  1  0
  3  4  1  0
  4  5  1  0
  5  6  2  0
  5  7  2  0
  5  8  1  0
  8  9  2  0
  9 10  1  0
 10 11  2  0
 11 12  1  0
 12 13  2  0
 13 14  1  0
 13 15  1  0
  4 16  1  0
 16 17  1  0
 17 18  1  0
 18 19  1  0
 19 20  1  0
 20 21  2  0
 21 22  1  0
 22 23  2  0
 23 24  1  0
 24 25  2  0
 25 26  1  0
 26 27  2  0
 27 28  1  0
 18  2  1  0
 28 20  1  0
 15 10  1  0
 27 22  1  0
M  END
",2.703052623486817
2j34,COMPLETED,0.8897284269332886,-2.158174991607666,8.158174991607666,COMPLETED,31.653453826904297,C[C@@H](C(=O)N1CCOCC1)N1CC[C@H](NS(=O)(=O)c2cc3ccc(Cl)cc3s2)C1=O,-9.954903879243844,0.3329766588861938,0.45950370409591607,"
     RDKit          3D

 30 33  0  0  0  0  0  0  0  0999 V2000
   -0.7455   -8.7730  -11.8864 C   0  0  0  0  0  0  0  0  0  0  0  0
    0.2782   -9.9030  -11.9470 C   0  0  1  0  0  0  0  0  0  0  0  0
   -0.1279  -11.1357  -11.0906 C   0  0  0  0  0  0  0  0  0  0  0  0
   -0.3927  -12.2198  -11.5693 O   0  0  0  0  0  0  0  0  0  0  0  0
   -0.2253  -10.9028   -9.7098 N   0  0  0  0  0  0  0  0  0  0  0  0
    0.3828   -9.7221   -9.0626 C   0  0  0  0  0  0  0  0  0  0  0  0
   -0.4448   -9.2244   -7.8410 C   0  0  0  0  0  0  0  0  0  0  0  0
   -0.6888  -10.3305   -6.9670 O   0  0  0  0  0  0  0  0  0  0  0  0
   -1.4971  -11.3611   -7.5819 C   0  0  0  0  0  0  0  0  0  0  0  0
   -0.7196  -11.9431   -8.7941 C   0  0  0  0  0  0  0  0  0  0  0  0
    0.6095  -10.2771  -13.3547 N   0  0  0  0  0  0  0  0  0  0  0  0
   -0.4241  -10.7074  -14.2654 C   0  0  0  0  0  0  0  0  0  0  0  0
    0.2378  -10.7358  -15.6699 C   0  0  0  0  0  0  0  0  0  0  0  0
    1.7078  -10.3400  -15.4588 C   0  0  1  0  0  0  0  0  0  0  0  0
    2.0910   -9.2041  -16.3260 N   0  0  0  0  0  0  0  0  0  0  0  0
    3.6336   -9.2803  -17.0471 S   0  0  0  0  0  0  0  0  0  0  0  0
    4.3222  -10.4526  -16.5368 O   0  0  0  0  0  0  0  0  0  0  0  0
    3.4058   -9.0927  -18.4958 O   0  0  0  0  0  0  0  0  0  0  0  0
    4.4249   -7.8184  -16.3939 C   0  0  0  0  0  0  0  0  0  0  0  0
    4.0922   -6.5228  -16.7243 C   0  0  0  0  0  0  0  0  0  0  0  0
    4.8729   -5.5777  -16.0167 C   0  0  0  0  0  0  0  0  0  0  0  0
    4.7618   -4.1719  -16.0596 C   0  0  0  0  0  0  0  0  0  0  0  0
    5.5735   -3.3881  -15.2783 C   0  0  0  0  0  0  0  0  0  0  0  0
    6.5368   -3.9817  -14.3961 C   0  0  0  0  0  0  0  0  0  0  0  0
    7.5353   -2.9905  -13.4094 Cl  0  0  0  0  0  0  0  0  0  0  0  0
    6.6344   -5.3904  -14.3596 C   0  0  0  0  0  0  0  0  0  0  0  0
    5.8195   -6.1552  -15.1533 C   0  0  0  0  0  0  0  0  0  0  0  0
    5.7618   -7.9265  -15.2028 S   0  0  0  0  0  0  0  0  0  0  0  0
    1.8171   -9.9811  -13.9634 C   0  0  0  0  0  0  0  0  0  0  0  0
    2.7829   -9.5244  -13.4224 O   0  0  0  0  0  0  0  0  0  0  0  0
  2  1  1  6
  2  3  1  0
  3  4  2  0
  3  5  1  0
  5  6  1  0
  6  7  1  0
  7  8  1  0
  8  9  1  0
  9 10  1  0
  2 11  1  0
 11 12  1  0
 12 13  1  0
 13 14  1  0
 14 15  1  1
 15 16  1  0
 16 17  2  0
 16 18  2  0
 16 19  1  0
 19 20  2  0
 20 21  1  0
 21 22  2  0
 22 23  1  0
 23 24  2  0
 24 25  1  0
 24 26  1  0
 26 27  2  0
 27 28  1  0
 14 29  1  0
 29 30  2  0
 10  5  1  0
 29 11  1  0
 28 19  1  0
 27 21  1  0
M  END
",3.893933002399396
1iqg,COMPLETED,0.9638452529907227,-3.164759635925293,9.164759635925293,COMPLETED,40.89444446563721,O=C1CN(S(=O)(=O)c2ccc3cc(Cl)ccc3c2)CCN1CC1(/C=N/O)CCN(c2ccncc2)CC1,-8.186461436974188,0.32346309027741565,0.3175635170049126,"
     RDKit          3D

 37 41  0  0  0  0  0  0  0  0999 V2000
    0.4507   -9.9880  -13.4144 O   0  0  0  0  0  0  0  0  0  0  0  0
    0.5454  -10.0273  -14.6205 C   0  0  0  0  0  0  0  0  0  0  0  0
    1.9394  -10.2100  -15.2832 C   0  0  0  0  0  0  0  0  0  0  0  0
    1.9943   -9.7078  -16.6676 N   0  0  0  0  0  0  0  0  0  0  0  0
    3.5467   -9.6753  -17.3672 S   0  0  0  0  0  0  0  0  0  0  0  0
    4.1539  -10.9898  -17.1643 O   0  0  0  0  0  0  0  0  0  0  0  0
    3.3713   -9.1061  -18.7133 O   0  0  0  0  0  0  0  0  0  0  0  0
    4.4105   -8.4215  -16.4068 C   0  0  0  0  0  0  0  0  0  0  0  0
    5.4093   -8.8071  -15.4900 C   0  0  0  0  0  0  0  0  0  0  0  0
    6.1502   -7.8318  -14.8070 C   0  0  0  0  0  0  0  0  0  0  0  0
    5.9047   -6.4691  -15.0390 C   0  0  0  0  0  0  0  0  0  0  0  0
    6.6467   -5.4944  -14.3539 C   0  0  0  0  0  0  0  0  0  0  0  0
    6.3879   -4.1331  -14.5770 C   0  0  0  0  0  0  0  0  0  0  0  0
    7.3165   -2.9206  -13.7199 Cl  0  0  0  0  0  0  0  0  0  0  0  0
    5.3906   -3.7420  -15.4853 C   0  0  0  0  0  0  0  0  0  0  0  0
    4.6489   -4.7166  -16.1745 C   0  0  0  0  0  0  0  0  0  0  0  0
    4.9035   -6.0800  -15.9530 C   0  0  0  0  0  0  0  0  0  0  0  0
    4.1631   -7.0592  -16.6372 C   0  0  0  0  0  0  0  0  0  0  0  0
    0.9479  -10.3196  -17.4912 C   0  0  0  0  0  0  0  0  0  0  0  0
   -0.4688   -9.9807  -16.9452 C   0  0  0  0  0  0  0  0  0  0  0  0
   -0.5376   -9.9062  -15.4849 N   0  0  0  0  0  0  0  0  0  0  0  0
   -1.8673   -9.4614  -14.9603 C   0  0  0  0  0  0  0  0  0  0  0  0
   -2.8956  -10.5932  -14.6889 C   0  0  0  0  0  0  0  0  0  0  0  0
   -2.2619  -11.9786  -14.6387 C   0  0  0  0  0  0  0  0  0  0  0  0
   -2.9106  -13.0741  -14.4708 N   0  0  0  0  0  0  0  0  0  0  0  0
   -2.0706  -14.1908  -14.4809 O   0  0  0  0  0  0  0  0  0  0  0  0
   -3.5679  -10.2944  -13.3163 C   0  0  0  0  0  0  0  0  0  0  0  0
   -4.3719   -8.9722  -13.3336 C   0  0  0  0  0  0  0  0  0  0  0  0
   -5.3625   -8.9544  -14.4192 N   0  0  0  0  0  0  0  0  0  0  0  0
   -6.6710   -8.5039  -14.2157 C   0  0  0  0  0  0  0  0  0  0  0  0
   -7.6042   -8.4590  -15.2656 C   0  0  0  0  0  0  0  0  0  0  0  0
   -8.9045   -7.9908  -15.0113 C   0  0  0  0  0  0  0  0  0  0  0  0
   -9.3139   -7.5718  -13.7944 N   0  0  0  0  0  0  0  0  0  0  0  0
   -8.4173   -7.6160  -12.7833 C   0  0  0  0  0  0  0  0  0  0  0  0
   -7.0995   -8.0681  -12.9451 C   0  0  0  0  0  0  0  0  0  0  0  0
   -4.8363   -9.2502  -15.7697 C   0  0  0  0  0  0  0  0  0  0  0  0
   -3.9925  -10.5545  -15.7842 C   0  0  0  0  0  0  0  0  0  0  0  0
  1  2  2  0
  2  3  1  0
  3  4  1  0
  4  5  1  0
  5  6  2  0
  5  7  2  0
  5  8  1  0
  8  9  2  0
  9 10  1  0
 10 11  2  0
 11 12  1  0
 12 13  2  0
 13 14  1  0
 13 15  1  0
 15 16  2  0
 16 17  1  0
 17 18  2  0
  4 19  1  0
 19 20  1  0
 20 21  1  0
 21 22  1  0
 22 23  1  0
 23 24  1  0
 24 25  2  0
 25 26  1  0
 23 27  1  0
 27 28  1  0
 28 29  1  0
 29 30  1  0
 30 31  2  0
 31 32  1  0
 32 33  2  0
 33 34  1  0
 34 35  2  0
 29 36  1  0
 36 37  1  0
 21  2  1  0
 37 23  1  0
 18  8  1  0
 35 30  1  0
 17 11  1  0
M  END
",2.623758675604113
1j17,COMPLETED,0.9742013216018677,-2.8776283264160156,8.877628326416016,COMPLETED,39.897703647613525,O=C(C1CCN(c2ccncc2)CC1)N1CCN(S(=O)(=O)c2ccc3cc(Cl)ccc3c2)CC1,-10.651503463252297,0.34344365634496643,0.5197283887330141,"
     RDKit          3D

 34 38  0  0  0  0  0  0  0  0999 V2000
   -0.8550  -12.3779  -14.3246 O   0  0  0  0  0  0  0  0  0  0  0  0
    0.0211  -11.6265  -13.9265 C   0  0  0  0  0  0  0  0  0  0  0  0
   -0.0682  -10.9480  -12.5372 C   0  0  0  0  0  0  0  0  0  0  0  0
   -1.3858  -11.2587  -11.7808 C   0  0  0  0  0  0  0  0  0  0  0  0
   -1.1599  -11.7734  -10.3347 C   0  0  0  0  0  0  0  0  0  0  0  0
   -0.2396  -10.8652   -9.5987 N   0  0  0  0  0  0  0  0  0  0  0  0
   -0.6163  -10.3493   -8.3468 C   0  0  0  0  0  0  0  0  0  0  0  0
   -0.1194   -9.0858   -7.9425 C   0  0  0  0  0  0  0  0  0  0  0  0
   -0.5542   -8.5894   -6.6793 C   0  0  0  0  0  0  0  0  0  0  0  0
   -1.3548   -9.2511   -5.8696 N   0  0  0  0  0  0  0  0  0  0  0  0
   -1.8187  -10.4708   -6.2491 C   0  0  0  0  0  0  0  0  0  0  0  0
   -1.4495  -11.0389   -7.4992 C   0  0  0  0  0  0  0  0  0  0  0  0
    0.9963  -10.4568  -10.2738 C   0  0  0  0  0  0  0  0  0  0  0  0
    1.1875  -11.1442  -11.6454 C   0  0  0  0  0  0  0  0  0  0  0  0
    1.1395  -11.3278  -14.7077 N   0  0  0  0  0  0  0  0  0  0  0  0
    2.1154  -10.2788  -14.3652 C   0  0  0  0  0  0  0  0  0  0  0  0
    1.9502   -9.0490  -15.2836 C   0  0  0  0  0  0  0  0  0  0  0  0
    2.0198   -9.4318  -16.7063 N   0  0  0  0  0  0  0  0  0  0  0  0
    3.5576   -9.5007  -17.4286 S   0  0  0  0  0  0  0  0  0  0  0  0
    4.1372  -10.8272  -17.1377 O   0  0  0  0  0  0  0  0  0  0  0  0
    3.4083   -8.9933  -18.7860 O   0  0  0  0  0  0  0  0  0  0  0  0
    4.4965   -8.2668  -16.5043 C   0  0  0  0  0  0  0  0  0  0  0  0
    5.4917   -8.6719  -15.6042 C   0  0  0  0  0  0  0  0  0  0  0  0
    6.2314   -7.7127  -14.8889 C   0  0  0  0  0  0  0  0  0  0  0  0
    5.9680   -6.3494  -15.0768 C   0  0  0  0  0  0  0  0  0  0  0  0
    6.7001   -5.3900  -14.3523 C   0  0  0  0  0  0  0  0  0  0  0  0
    6.4268   -4.0281  -14.5320 C   0  0  0  0  0  0  0  0  0  0  0  0
    7.3521   -2.8362  -13.6356 Cl  0  0  0  0  0  0  0  0  0  0  0  0
    5.4302   -3.6109  -15.4259 C   0  0  0  0  0  0  0  0  0  0  0  0
    4.6953   -4.5709  -16.1520 C   0  0  0  0  0  0  0  0  0  0  0  0
    4.9681   -5.9359  -15.9778 C   0  0  0  0  0  0  0  0  0  0  0  0
    4.2332   -6.8974  -16.6973 C   0  0  0  0  0  0  0  0  0  0  0  0
    1.0704  -10.5134  -17.0662 C   0  0  0  0  0  0  0  0  0  0  0  0
    1.2116  -11.7342  -16.1233 C   0  0  0  0  0  0  0  0  0  0  0  0
  1  2  2  0
  2  3  1  0
  3  4  1  0
  4  5  1  0
  5  6  1  0
  6  7  1  0
  7  8  2  0
  8  9  1  0
  9 10  2  0
 10 11  1  0
 11 12  2  0
  6 13  1  0
 13 14  1  0
  2 15  1  0
 15 16  1  0
 16 17  1  0
 17 18  1  0
 18 19  1  0
 19 20  2  0
 19 21  2  0
 19 22  1  0
 22 23  2  0
 23 24  1  0
 24 25  2  0
 25 26  1  0
 26 27  2  0
 27 28  1  0
 27 29  1  0
 29 30  2  0
 30 31  1  0
 31 32  2  0
 18 33  1  0
 33 34  1  0
 14  3  1  0
 34 15  1  0
 12  7  1  0
 32 22  1  0
 31 25  1  0
M  END
",4.500148883249794
1iqk,COMPLETED,0.9704616069793701,-2.82525634765625,8.82525634765625,COMPLETED,38.32156729698181,O=C1CN(S(=O)(=O)c2ccc3cc(Cl)ccc3c2)CCN1CC1CCN(c2ccncc2)CC1,-10.939234608157058,0.35173222705428747,0.5625845149504123,"
     RDKit          3D

 34 38  0  0  0  0  0  0  0  0999 V2000
   -1.3921   -9.8402  -16.2435 O   0  0  0  0  0  0  0  0  0  0  0  0
   -0.2460  -10.0958  -16.0017 C   0  0  0  0  0  0  0  0  0  0  0  0
    0.9140   -9.7564  -16.9815 C   0  0  0  0  0  0  0  0  0  0  0  0
    2.1411   -9.2949  -16.3482 N   0  0  0  0  0  0  0  0  0  0  0  0
    3.5739   -9.3643  -17.2701 S   0  0  0  0  0  0  0  0  0  0  0  0
    4.1183  -10.7139  -17.1363 O   0  0  0  0  0  0  0  0  0  0  0  0
    3.2448   -8.7821  -18.5815 O   0  0  0  0  0  0  0  0  0  0  0  0
    4.6063   -8.1577  -16.4317 C   0  0  0  0  0  0  0  0  0  0  0  0
    5.6225   -8.5834  -15.5579 C   0  0  0  0  0  0  0  0  0  0  0  0
    6.3753   -7.6329  -14.8438 C   0  0  0  0  0  0  0  0  0  0  0  0
    6.1007   -6.2666  -15.0016 C   0  0  0  0  0  0  0  0  0  0  0  0
    6.8351   -5.3172  -14.2606 C   0  0  0  0  0  0  0  0  0  0  0  0
    6.5444   -3.9535  -14.4159 C   0  0  0  0  0  0  0  0  0  0  0  0
    7.4701   -2.7732  -13.4917 Cl  0  0  0  0  0  0  0  0  0  0  0  0
    5.5486   -3.5229  -15.2903 C   0  0  0  0  0  0  0  0  0  0  0  0
    4.8063   -4.4754  -16.0313 C   0  0  0  0  0  0  0  0  0  0  0  0
    5.0909   -5.8383  -15.8787 C   0  0  0  0  0  0  0  0  0  0  0  0
    4.3403   -6.7914  -16.5961 C   0  0  0  0  0  0  0  0  0  0  0  0
    2.3181   -9.5601  -14.8975 C   0  0  0  0  0  0  0  0  0  0  0  0
    1.5659  -10.8626  -14.4866 C   0  0  0  0  0  0  0  0  0  0  0  0
    0.1748  -10.7831  -14.8534 N   0  0  0  0  0  0  0  0  0  0  0  0
   -0.7817  -11.3956  -13.8953 C   0  0  0  0  0  0  0  0  0  0  0  0
   -1.4637  -10.3841  -12.9558 C   0  0  0  0  0  0  0  0  0  0  0  0
   -2.3392  -11.1286  -11.9154 C   0  0  0  0  0  0  0  0  0  0  0  0
   -1.5102  -11.8005  -10.8178 C   0  0  0  0  0  0  0  0  0  0  0  0
   -0.5942  -10.8056  -10.1812 N   0  0  0  0  0  0  0  0  0  0  0  0
   -0.7532  -10.4294   -8.8509 C   0  0  0  0  0  0  0  0  0  0  0  0
   -0.2305   -9.1905   -8.3915 C   0  0  0  0  0  0  0  0  0  0  0  0
   -0.4474   -8.8336   -7.0484 C   0  0  0  0  0  0  0  0  0  0  0  0
   -1.0987   -9.5973   -6.1693 N   0  0  0  0  0  0  0  0  0  0  0  0
   -1.5872  -10.7951   -6.6105 C   0  0  0  0  0  0  0  0  0  0  0  0
   -1.4302  -11.2272   -7.9262 C   0  0  0  0  0  0  0  0  0  0  0  0
    0.3101  -10.1269  -11.1024 C   0  0  0  0  0  0  0  0  0  0  0  0
   -0.4699   -9.4233  -12.2500 C   0  0  0  0  0  0  0  0  0  0  0  0
  1  2  2  0
  2  3  1  0
  3  4  1  0
  4  5  1  0
  5  6  2  0
  5  7  2  0
  5  8  1  0
  8  9  2  0
  9 10  1  0
 10 11  2  0
 11 12  1  0
 12 13  2  0
 13 14  1  0
 13 15  1  0
 15 16  2  0
 16 17  1  0
 17 18  2  0
  4 19  1  0
 19 20  1  0
 20 21  1  0
 21 22  1  0
 22 23  1  0
 23 24  1  0
 24 25  1  0
 25 26  1  0
 26 27  1  0
 27 28  2  0
 28 29  1  0
 29 30  2  0
 30 31  1  0
 31 32  2  0
 26 33  1  0
 33 34  1  0
 21  2  1  0
 34 23  1  0
 18  8  1  0
 32 27  1  0
 17 11  1  0
M  END
",4.866165826678367
4y7a,COMPLETED,0.9144502878189087,-2.4991464614868164,8.499146461486816,COMPLETED,33.72236490249634,C[C@@H](C(=O)N1CCC[C@H]([NH3+])C1)N1CC[C@H](NS(=O)(=O)c2ccc3cc(Cl)ccc3c2)C1=O,-10.945115768851535,0.37122150893317163,0.5268462727072936,"
     RDKit          3D

 32 35  0  0  0  0  0  0  0  0999 V2000
   -0.5898   -8.6732  -12.0475 C   0  0  0  0  0  0  0  0  0  0  0  0
    0.1640   -9.9829  -12.2708 C   0  0  1  0  0  0  0  0  0  0  0  0
   -0.4819  -11.1846  -11.5208 C   0  0  0  0  0  0  0  0  0  0  0  0
   -0.9707  -12.1285  -12.0860 O   0  0  0  0  0  0  0  0  0  0  0  0
   -0.5059  -11.0668  -10.1230 N   0  0  0  0  0  0  0  0  0  0  0  0
    0.3301  -10.1063   -9.3911 C   0  0  0  0  0  0  0  0  0  0  0  0
   -0.4541   -9.3878   -8.2677 C   0  0  0  0  0  0  0  0  0  0  0  0
   -1.1687  -10.3601   -7.3107 C   0  0  0  0  0  0  0  0  0  0  0  0
   -1.1695  -11.8408   -7.7854 C   0  0  1  0  0  0  0  0  0  0  0  0
   -2.0428  -12.7529   -6.9687 N   0  0  0  0  0  0  0  0  0  0  0  0
   -1.3433  -11.9849   -9.3190 C   0  0  0  0  0  0  0  0  0  0  0  0
    0.3569  -10.2698  -13.7193 N   0  0  0  0  0  0  0  0  0  0  0  0
   -0.7796  -10.3087  -14.6164 C   0  0  0  0  0  0  0  0  0  0  0  0
   -0.1781  -10.3053  -16.0506 C   0  0  0  0  0  0  0  0  0  0  0  0
    1.3492  -10.2818  -15.8715 C   0  0  1  0  0  0  0  0  0  0  0  0
    1.9501   -9.1231  -16.5828 N   0  0  0  0  0  0  0  0  0  0  0  0
    3.4656   -9.3466  -17.2964 S   0  0  0  0  0  0  0  0  0  0  0  0
    3.9475  -10.6974  -16.9354 O   0  0  0  0  0  0  0  0  0  0  0  0
    3.3299   -8.9526  -18.6932 O   0  0  0  0  0  0  0  0  0  0  0  0
    4.4854   -8.1378  -16.4134 C   0  0  0  0  0  0  0  0  0  0  0  0
    5.4703   -8.5850  -15.5444 C   0  0  0  0  0  0  0  0  0  0  0  0
    6.2636   -7.6134  -14.8237 C   0  0  0  0  0  0  0  0  0  0  0  0
    6.0031   -6.2730  -15.0299 C   0  0  0  0  0  0  0  0  0  0  0  0
    6.7755   -5.3020  -14.2834 C   0  0  0  0  0  0  0  0  0  0  0  0
    6.4991   -3.9591  -14.4785 C   0  0  0  0  0  0  0  0  0  0  0  0
    7.4645   -2.7607  -13.5512 Cl  0  0  0  0  0  0  0  0  0  0  0  0
    5.5318   -3.4946  -15.3458 C   0  0  0  0  0  0  0  0  0  0  0  0
    4.7522   -4.4727  -16.0954 C   0  0  0  0  0  0  0  0  0  0  0  0
    5.0243   -5.8084  -15.9004 C   0  0  0  0  0  0  0  0  0  0  0  0
    4.2369   -6.7838  -16.6277 C   0  0  0  0  0  0  0  0  0  0  0  0
    1.5785  -10.2031  -14.3586 C   0  0  0  0  0  0  0  0  0  0  0  0
    2.6497  -10.0975  -13.8053 O   0  0  0  0  0  0  0  0  0  0  0  0
  2  1  1  6
  2  3  1  0
  3  4  2  0
  3  5  1  0
  5  6  1  0
  6  7  1  0
  7  8  1  0
  8  9  1  0
  9 10  1  6
  9 11  1  0
  2 12  1  0
 12 13  1  0
 13 14  1  0
 14 15  1  0
 15 16  1  1
 16 17  1  0
 17 18  2  0
 17 19  2  0
 17 20  1  0
 20 21  2  0
 21 22  1  0
 22 23  2  0
 23 24  1  0
 24 25  2  0
 25 26  1  0
 25 27  1  0
 27 28  2  0
 28 29  1  0
 29 30  2  0
 15 31  1  0
 31 32  2  0
 11  5  1  0
 31 12  1  0
 30 20  1  0
 29 23  1  0
M  CHG  1  10   1
M  END
",4.840373575234918
1iqn,COMPLETED,0.972341001033783,-3.333974838256836,9.333974838256836,COMPLETED,55.49342083930969,O=C([C@H]1CN(S(=O)(=O)c2ccc3cc(Cl)ccc3c2)CC(=O)N1CC1CCN(c2ccncc2)CC1)N1CCOCC1,-9.819486006897645,0.23764312012065505,0.34745744174722665,"
     RDKit          3D

 42 47  0  0  0  0  0  0  0  0999 V2000
    0.5247  -14.1096  -15.7747 O   0  0  0  0  0  0  0  0  0  0  0  0
    0.2193  -12.9195  -15.7029 C   0  0  0  0  0  0  0  0  0  0  0  0
    1.2482  -11.8381  -15.2892 C   0  0  2  0  0  0  0  0  0  0  0  0
    1.7010  -11.0109  -16.5350 C   0  0  0  0  0  0  0  0  0  0  0  0
    2.8766  -10.2091  -16.2442 N   0  0  0  0  0  0  0  0  0  0  0  0
    3.2331   -9.0127  -17.4200 S   0  0  0  0  0  0  0  0  0  0  0  0
    2.0076   -8.2743  -17.6606 O   0  0  0  0  0  0  0  0  0  0  0  0
    3.9509   -9.6938  -18.5074 O   0  0  0  0  0  0  0  0  0  0  0  0
    4.3643   -7.8996  -16.5542 C   0  0  0  0  0  0  0  0  0  0  0  0
    5.4806   -8.3907  -15.8785 C   0  0  0  0  0  0  0  0  0  0  0  0
    6.3222   -7.5137  -15.1591 C   0  0  0  0  0  0  0  0  0  0  0  0
    6.0407   -6.1408  -15.1565 C   0  0  0  0  0  0  0  0  0  0  0  0
    6.8575   -5.2660  -14.4091 C   0  0  0  0  0  0  0  0  0  0  0  0
    6.5702   -3.8907  -14.4102 C   0  0  0  0  0  0  0  0  0  0  0  0
    7.5766   -2.8071  -13.4642 Cl  0  0  0  0  0  0  0  0  0  0  0  0
    5.5037   -3.3814  -15.1507 C   0  0  0  0  0  0  0  0  0  0  0  0
    4.6780   -4.2574  -15.8902 C   0  0  0  0  0  0  0  0  0  0  0  0
    4.9500   -5.6338  -15.8771 C   0  0  0  0  0  0  0  0  0  0  0  0
    4.0995   -6.5158  -16.5773 C   0  0  0  0  0  0  0  0  0  0  0  0
    4.0049  -11.0536  -15.8375 C   0  0  0  0  0  0  0  0  0  0  0  0
    3.6876  -11.9164  -14.5988 C   0  0  0  0  0  0  0  0  0  0  0  0
    4.5717  -12.2114  -13.8078 O   0  0  0  0  0  0  0  0  0  0  0  0
    2.3761  -12.3509  -14.4606 N   0  0  0  0  0  0  0  0  0  0  0  0
    1.9673  -13.0840  -13.2362 C   0  0  0  0  0  0  0  0  0  0  0  0
    1.0300  -12.2577  -12.3387 C   0  0  0  0  0  0  0  0  0  0  0  0
    1.6667  -10.9684  -11.7402 C   0  0  0  0  0  0  0  0  0  0  0  0
    0.7063  -10.2074  -10.7908 C   0  0  0  0  0  0  0  0  0  0  0  0
   -0.6319  -10.8332  -10.7464 N   0  0  0  0  0  0  0  0  0  0  0  0
   -1.6476  -10.3948  -11.5815 C   0  0  0  0  0  0  0  0  0  0  0  0
   -2.7461  -11.2230  -11.9129 C   0  0  0  0  0  0  0  0  0  0  0  0
   -3.7198  -10.7528  -12.8008 C   0  0  0  0  0  0  0  0  0  0  0  0
   -3.6833   -9.5348  -13.3720 N   0  0  0  0  0  0  0  0  0  0  0  0
   -2.6174   -8.7371  -13.0668 C   0  0  0  0  0  0  0  0  0  0  0  0
   -1.6047   -9.1209  -12.1986 C   0  0  0  0  0  0  0  0  0  0  0  0
   -0.5775  -12.2499  -10.3065 C   0  0  0  0  0  0  0  0  0  0  0  0
    0.2850  -13.1015  -11.2818 C   0  0  0  0  0  0  0  0  0  0  0  0
   -1.0325  -12.4508  -16.0601 N   0  0  0  0  0  0  0  0  0  0  0  0
   -1.4596  -11.0575  -15.8451 C   0  0  0  0  0  0  0  0  0  0  0  0
   -2.2288  -10.4153  -17.0444 C   0  0  0  0  0  0  0  0  0  0  0  0
   -2.6597  -11.4332  -17.9875 O   0  0  0  0  0  0  0  0  0  0  0  0
   -3.1961  -12.6074  -17.3632 C   0  0  0  0  0  0  0  0  0  0  0  0
   -2.0691  -13.3561  -16.6368 C   0  0  0  0  0  0  0  0  0  0  0  0
  1  2  2  0
  3  2  1  1
  3  4  1  0
  4  5  1  0
  5  6  1  0
  6  7  2  0
  6  8  2  0
  6  9  1  0
  9 10  2  0
 10 11  1  0
 11 12  2  0
 12 13  1  0
 13 14  2  0
 14 15  1  0
 14 16  1  0
 16 17  2  0
 17 18  1  0
 18 19  2  0
  5 20  1  0
 20 21  1  0
 21 22  2  0
 21 23  1  0
 23 24  1  0
 24 25  1  0
 25 26  1  0
 26 27  1  0
 27 28  1  0
 28 29  1  0
 29 30  2  0
 30 31  1  0
 31 32  2  0
 32 33  1  0
 33 34  2  0
 28 35  1  0
 35 36  1  0
  2 37  1  0
 37 38  1  0
 38 39  1  0
 39 40  1  0
 40 41  1  0
 41 42  1  0
 23  3  1  0
 36 25  1  0
 42 37  1  0
 19  9  1  0
 34 29  1  0
 18 12  1  0
M  END
",2.8216437943384554
2j4i,COMPLETED,0.9545307755470276,-3.0529961585998535,9.052996158599854,COMPLETED,36.957910776138306,CC(C)N(CCNS(C)(=O)=O)C(=O)[C@H](C)N1CC[C@H](NS(=O)(=O)c2ccc3cc(Cl)ccc3c2)C1=O,-7.928890050635906,0.2572672175600969,0.41939194709170846,"
     RDKit          3D

 36 38  0  0  0  0  0  0  0  0999 V2000
   -1.1792   -8.8123  -12.6195 C   0  0  0  0  0  0  0  0  0  0  0  0
   -1.4160  -10.3361  -12.6636 C   0  0  0  0  0  0  0  0  0  0  0  0
   -2.8745  -10.6575  -13.0042 C   0  0  0  0  0  0  0  0  0  0  0  0
   -0.9975  -11.0006  -11.4031 N   0  0  0  0  0  0  0  0  0  0  0  0
   -1.5587  -10.4526  -10.1805 C   0  0  0  0  0  0  0  0  0  0  0  0
   -0.5279   -9.6316   -9.3500 C   0  0  0  0  0  0  0  0  0  0  0  0
   -1.0748   -9.1963   -8.0771 N   0  0  0  0  0  0  0  0  0  0  0  0
   -1.0694  -10.2476   -6.7660 S   0  0  0  0  0  0  0  0  0  0  0  0
   -2.0457  -11.6643   -7.3471 C   0  0  0  0  0  0  0  0  0  0  0  0
    0.3105  -10.6649   -6.5440 O   0  0  0  0  0  0  0  0  0  0  0  0
   -1.8005   -9.6132   -5.6983 O   0  0  0  0  0  0  0  0  0  0  0  0
   -0.3915  -12.2695  -11.4053 C   0  0  0  0  0  0  0  0  0  0  0  0
   -0.3252  -12.9307  -10.3750 O   0  0  0  0  0  0  0  0  0  0  0  0
    0.2098  -12.7839  -12.7342 C   0  0  2  0  0  0  0  0  0  0  0  0
    0.8934  -14.1659  -12.5883 C   0  0  0  0  0  0  0  0  0  0  0  0
    1.1167  -11.8133  -13.3967 N   0  0  0  0  0  0  0  0  0  0  0  0
    2.1025  -11.0623  -12.6243 C   0  0  0  0  0  0  0  0  0  0  0  0
    2.8899  -10.2251  -13.6726 C   0  0  0  0  0  0  0  0  0  0  0  0
    2.3650  -10.6824  -15.0573 C   0  0  2  0  0  0  0  0  0  0  0  0
    2.0031   -9.5439  -15.9200 N   0  0  0  0  0  0  0  0  0  0  0  0
    3.0833   -9.1870  -17.1848 S   0  0  0  0  0  0  0  0  0  0  0  0
    3.7939  -10.4346  -17.5025 O   0  0  0  0  0  0  0  0  0  0  0  0
    2.3056   -8.4906  -18.2085 O   0  0  0  0  0  0  0  0  0  0  0  0
    4.2251   -8.0383  -16.4096 C   0  0  0  0  0  0  0  0  0  0  0  0
    5.2904   -8.5146  -15.6256 C   0  0  0  0  0  0  0  0  0  0  0  0
    6.1408   -7.6188  -14.9723 C   0  0  0  0  0  0  0  0  0  0  0  0
    5.9374   -6.2298  -15.0949 C   0  0  0  0  0  0  0  0  0  0  0  0
    6.7535   -5.3372  -14.4082 C   0  0  0  0  0  0  0  0  0  0  0  0
    6.5340   -3.9463  -14.5166 C   0  0  0  0  0  0  0  0  0  0  0  0
    7.5389   -2.8357  -13.6397 Cl  0  0  0  0  0  0  0  0  0  0  0  0
    5.4943   -3.4714  -15.3392 C   0  0  0  0  0  0  0  0  0  0  0  0
    4.6736   -4.3635  -16.0250 C   0  0  0  0  0  0  0  0  0  0  0  0
    4.8806   -5.7529  -15.9066 C   0  0  0  0  0  0  0  0  0  0  0  0
    4.0322   -6.6493  -16.5544 C   0  0  0  0  0  0  0  0  0  0  0  0
    1.1938  -11.6078  -14.7503 C   0  0  0  0  0  0  0  0  0  0  0  0
    0.4686  -12.1412  -15.5802 O   0  0  0  0  0  0  0  0  0  0  0  0
  1  2  1  0
  2  3  1  0
  2  4  1  0
  4  5  1  0
  5  6  1  0
  6  7  1  0
  7  8  1  0
  8  9  1  0
  8 10  2  0
  8 11  2  0
  4 12  1  0
 12 13  2  0
 12 14  1  0
 14 15  1  1
 14 16  1  0
 16 17  1  0
 17 18  1  0
 18 19  1  0
 19 20  1  6
 20 21  1  0
 21 22  2  0
 21 23  2  0
 21 24  1  0
 24 25  2  0
 25 26  1  0
 26 27  2  0
 27 28  1  0
 28 29  2  0
 29 30  1  0
 29 31  1  0
 31 32  2  0
 32 33  1  0
 33 34  2  0
 19 35  1  0
 35 36  2  0
 35 16  1  0
 34 24  1  0
 33 27  1  0
M  END
",2.604441841604177
2cji,COMPLETED,0.8838872909545898,-1.7501068115234375,7.7501068115234375,COMPLETED,32.79618167877197,C[C@@H](C(=O)N1CCOCC1)N1CC[C@H](NS(=O)(=O)c2ccc3cc(Cl)ccc3c2)C1=O,-8.367015200271432,0.32368332630790625,0.3984213278844,"
     RDKit          3D

 31 34  0  0  0  0  0  0  0  0999 V2000
   -2.6993   -9.9991  -14.2512 C   0  0  0  0  0  0  0  0  0  0  0  0
   -1.9065  -11.3029  -14.4951 C   0  0  2  0  0  0  0  0  0  0  0  0
   -1.5222  -12.0088  -13.1697 C   0  0  0  0  0  0  0  0  0  0  0  0
   -2.0163  -13.0947  -12.8811 O   0  0  0  0  0  0  0  0  0  0  0  0
   -0.5476  -11.4137  -12.3711 N   0  0  0  0  0  0  0  0  0  0  0  0
    0.2537  -12.2168  -11.4399 C   0  0  0  0  0  0  0  0  0  0  0  0
    1.7153  -12.3274  -11.9490 C   0  0  0  0  0  0  0  0  0  0  0  0
    2.2431  -10.9963  -12.0835 O   0  0  0  0  0  0  0  0  0  0  0  0
    1.5371  -10.1986  -13.0644 C   0  0  0  0  0  0  0  0  0  0  0  0
    0.0494  -10.0860  -12.6419 C   0  0  0  0  0  0  0  0  0  0  0  0
   -0.7548  -11.2050  -15.4283 N   0  0  0  0  0  0  0  0  0  0  0  0
    0.1669  -12.3307  -15.5322 C   0  0  0  0  0  0  0  0  0  0  0  0
    1.2961  -11.8914  -16.4682 C   0  0  0  0  0  0  0  0  0  0  0  0
    0.9696  -10.4301  -16.8907 C   0  0  2  0  0  0  0  0  0  0  0  0
    2.0205   -9.5003  -16.4682 N   0  0  0  0  0  0  0  0  0  0  0  0
    3.4945   -9.5249  -17.3109 S   0  0  0  0  0  0  0  0  0  0  0  0
    3.2104   -9.0139  -18.6642 O   0  0  0  0  0  0  0  0  0  0  0  0
    4.1204  -10.8253  -17.0828 O   0  0  0  0  0  0  0  0  0  0  0  0
    4.4434   -8.2701  -16.4388 C   0  0  0  0  0  0  0  0  0  0  0  0
    5.4618   -8.6724  -15.5413 C   0  0  0  0  0  0  0  0  0  0  0  0
    6.2126   -7.7032  -14.8612 C   0  0  0  0  0  0  0  0  0  0  0  0
    5.9540   -6.3419  -15.0635 C   0  0  0  0  0  0  0  0  0  0  0  0
    6.6955   -5.3747  -14.3641 C   0  0  0  0  0  0  0  0  0  0  0  0
    6.4226   -4.0136  -14.5566 C   0  0  0  0  0  0  0  0  0  0  0  0
    7.3557   -2.8127  -13.6834 Cl  0  0  0  0  0  0  0  0  0  0  0  0
    5.4157   -3.6080  -15.4455 C   0  0  0  0  0  0  0  0  0  0  0  0
    4.6711   -4.5758  -16.1473 C   0  0  0  0  0  0  0  0  0  0  0  0
    4.9392   -5.9375  -15.9573 C   0  0  0  0  0  0  0  0  0  0  0  0
    4.1902   -6.9142  -16.6441 C   0  0  0  0  0  0  0  0  0  0  0  0
   -0.3740  -10.1360  -16.2326 C   0  0  0  0  0  0  0  0  0  0  0  0
   -1.0233   -9.1167  -16.3968 O   0  0  0  0  0  0  0  0  0  0  0  0
  2  1  1  6
  2  3  1  0
  3  4  2  0
  3  5  1  0
  5  6  1  0
  6  7  1  0
  7  8  1  0
  8  9  1  0
  9 10  1  0
  2 11  1  0
 11 12  1  0
 12 13  1  0
 13 14  1  0
 14 15  1  1
 15 16  1  0
 16 17  2  0
 16 18  2  0
 16 19  1  0
 19 20  2  0
 20 21  1  0
 21 22  2  0
 22 23  1  0
 23 24  2  0
 24 25  1  0
 24 26  1  0
 26 27  2  0
 27 28  1  0
 28 29  2  0
 14 30  1  0
 30 31  2  0
 10  5  1  0
 30 11  1  0
 29 19  1  0
 28 22  1  0
M  END
",3.0047061886106543
1iqi,COMPLETED,0.9174169301986694,-2.480815887451172,8.480815887451172,COMPLETED,38.70858335494995,O=C([O-])[C@@H]1CN(S(=O)(=O)c2ccc3cc(Cl)ccc3c2)CCN1CC1CCN(c2ccncc2)CC1,-8.533267469786125,0.27894257704699044,0.30836499421111035,"
     RDKit          3D

 36 40  0  0  0  0  0  0  0  0999 V2000
   -1.3611  -11.8186  -19.6203 O   0  0  0  0  0  0  0  0  0  0  0  0
   -1.1469  -10.6845  -19.2010 C   0  0  0  0  0  0  0  0  0  0  0  0
   -1.6111   -9.6700  -19.6858 O   0  0  0  0  0  0  0  0  0  0  0  0
   -0.1227  -10.5517  -18.0360 C   0  0  1  0  0  0  0  0  0  0  0  0
    0.8082   -9.3052  -18.1904 C   0  0  0  0  0  0  0  0  0  0  0  0
    1.8201   -9.2164  -17.1029 N   0  0  0  0  0  0  0  0  0  0  0  0
    3.4518   -9.5310  -17.4794 S   0  0  0  0  0  0  0  0  0  0  0  0
    3.6522   -9.0923  -18.8586 O   0  0  0  0  0  0  0  0  0  0  0  0
    3.7663  -10.9118  -17.0671 O   0  0  0  0  0  0  0  0  0  0  0  0
    4.3473   -8.3448  -16.4725 C   0  0  0  0  0  0  0  0  0  0  0  0
    5.3307   -8.7704  -15.5512 C   0  0  0  0  0  0  0  0  0  0  0  0
    6.0875   -7.8461  -14.8494 C   0  0  0  0  0  0  0  0  0  0  0  0
    5.8973   -6.4594  -15.0403 C   0  0  0  0  0  0  0  0  0  0  0  0
    6.6482   -5.5334  -14.3369 C   0  0  0  0  0  0  0  0  0  0  0  0
    6.4396   -4.1499  -14.5178 C   0  0  0  0  0  0  0  0  0  0  0  0
    7.3773   -2.9929  -13.6305 Cl  0  0  0  0  0  0  0  0  0  0  0  0
    5.4523   -3.7191  -15.4354 C   0  0  0  0  0  0  0  0  0  0  0  0
    4.7017   -4.6445  -16.1438 C   0  0  0  0  0  0  0  0  0  0  0  0
    4.9053   -6.0311  -15.9651 C   0  0  0  0  0  0  0  0  0  0  0  0
    4.1540   -6.9588  -16.6688 C   0  0  0  0  0  0  0  0  0  0  0  0
    1.3331   -9.4746  -15.7427 C   0  0  0  0  0  0  0  0  0  0  0  0
    0.4022  -10.7310  -15.6720 C   0  0  0  0  0  0  0  0  0  0  0  0
   -0.6801  -10.6727  -16.6647 N   0  0  0  0  0  0  0  0  0  0  0  0
   -1.6912   -9.6123  -16.3384 C   0  0  0  0  0  0  0  0  0  0  0  0
   -2.7873  -10.0752  -15.3730 C   0  0  0  0  0  0  0  0  0  0  0  0
   -3.9914   -9.0620  -15.3512 C   0  0  0  0  0  0  0  0  0  0  0  0
   -4.6210   -8.8635  -13.9784 C   0  0  0  0  0  0  0  0  0  0  0  0
   -4.7509  -10.1560  -13.2233 N   0  0  0  0  0  0  0  0  0  0  0  0
   -5.9736  -10.6903  -12.9201 C   0  0  0  0  0  0  0  0  0  0  0  0
   -7.1907  -10.0048  -13.1365 C   0  0  0  0  0  0  0  0  0  0  0  0
   -8.3956  -10.5735  -12.8169 C   0  0  0  0  0  0  0  0  0  0  0  0
   -8.5050  -11.8160  -12.2270 N   0  0  0  0  0  0  0  0  0  0  0  0
   -7.3568  -12.4746  -12.0176 C   0  0  0  0  0  0  0  0  0  0  0  0
   -6.0967  -11.9837  -12.3097 C   0  0  0  0  0  0  0  0  0  0  0  0
   -3.4594  -10.8711  -13.0186 C   0  0  0  0  0  0  0  0  0  0  0  0
   -2.3210  -10.4178  -13.9280 C   0  0  0  0  0  0  0  0  0  0  0  0
  1  2  2  0
  2  3  1  0
  4  2  1  1
  4  5  1  0
  5  6  1  0
  6  7  1  0
  7  8  2  0
  7  9  2  0
  7 10  1  0
 10 11  2  0
 11 12  1  0
 12 13  2  0
 13 14  1  0
 14 15  2  0
 15 16  1  0
 15 17  1  0
 17 18  2  0
 18 19  1  0
 19 20  2  0
  6 21  1  0
 21 22  1  0
 22 23  1  0
 23 24  1  0
 24 25  1  0
 25 26  1  0
 26 27  1  0
 27 28  1  0
 28 29  1  0
 29 30  2  0
 30 31  1  0
 31 32  2  0
 32 33  1  0
 33 34  2  0
 28 35  1  0
 35 36  1  0
 23  4  1  0
 36 25  1  0
 20 10  1  0
 34 29  1  0
 19 13  1  0
M  CHG  1   3  -1
M  END
",2.502679858048018
2j38,COMPLETED,0.7873271703720093,-1.4621763229370117,7.462176322937012,COMPLETED,34.241573095321655,C[C@@H](C(=O)N1CCOCC1)N1CC[C@H](NS(=O)(=O)c2cc3cc(Cl)ccc3s2)C1=O,-9.44574651308738,0.212378744901485,0.3610760556967963,"
     RDKit          3D

 30 33  0  0  0  0  0  0  0  0999 V2000
   -0.8623   -9.0594  -11.8844 C   0  0  0  0  0  0  0  0  0  0  0  0
    0.2001  -10.1789  -11.8921 C   0  0  1  0  0  0  0  0  0  0  0  0
   -0.1071  -11.3044  -10.8536 C   0  0  0  0  0  0  0  0  0  0  0  0
   -0.2828  -12.4693  -11.1843 O   0  0  0  0  0  0  0  0  0  0  0  0
   -0.2162  -10.9019   -9.5237 N   0  0  0  0  0  0  0  0  0  0  0  0
    0.3326   -9.6317   -9.0211 C   0  0  0  0  0  0  0  0  0  0  0  0
   -0.5118   -9.0217   -7.8676 C   0  0  0  0  0  0  0  0  0  0  0  0
   -0.7152  -10.0306   -6.8600 O   0  0  0  0  0  0  0  0  0  0  0  0
   -1.4691  -11.1572   -7.3507 C   0  0  0  0  0  0  0  0  0  0  0  0
   -0.6685  -11.8483   -8.4773 C   0  0  0  0  0  0  0  0  0  0  0  0
    0.4371  -10.6963  -13.2561 N   0  0  0  0  0  0  0  0  0  0  0  0
   -0.5879  -11.4558  -13.9608 C   0  0  0  0  0  0  0  0  0  0  0  0
    0.0127  -11.8171  -15.3312 C   0  0  0  0  0  0  0  0  0  0  0  0
    1.4211  -11.1532  -15.3731 C   0  0  1  0  0  0  0  0  0  0  0  0
    1.5426  -10.2598  -16.5265 N   0  0  0  0  0  0  0  0  0  0  0  0
    2.9783  -10.3139  -17.4255 S   0  0  0  0  0  0  0  0  0  0  0  0
    2.6375   -9.9779  -18.7863 O   0  0  0  0  0  0  0  0  0  0  0  0
    3.6435  -11.6131  -17.1063 O   0  0  0  0  0  0  0  0  0  0  0  0
    3.9541   -8.9992  -16.7059 C   0  0  0  0  0  0  0  0  0  0  0  0
    3.7108   -7.6408  -16.9598 C   0  0  0  0  0  0  0  0  0  0  0  0
    4.6392   -6.8256  -16.2598 C   0  0  0  0  0  0  0  0  0  0  0  0
    4.6883   -5.4212  -16.2600 C   0  0  0  0  0  0  0  0  0  0  0  0
    5.6464   -4.7602  -15.5136 C   0  0  0  0  0  0  0  0  0  0  0  0
    5.7292   -3.0164  -15.4928 Cl  0  0  0  0  0  0  0  0  0  0  0  0
    6.5949   -5.4976  -14.7288 C   0  0  0  0  0  0  0  0  0  0  0  0
    6.5331   -6.9037  -14.7450 C   0  0  0  0  0  0  0  0  0  0  0  0
    5.5715   -7.5445  -15.4890 C   0  0  0  0  0  0  0  0  0  0  0  0
    5.3247   -9.2844  -15.6332 S   0  0  0  0  0  0  0  0  0  0  0  0
    1.5471  -10.4388  -14.0303 C   0  0  0  0  0  0  0  0  0  0  0  0
    2.4986   -9.7501  -13.6737 O   0  0  0  0  0  0  0  0  0  0  0  0
  2  1  1  6
  2  3  1  0
  3  4  2  0
  3  5  1  0
  5  6  1  0
  6  7  1  0
  7  8  1  0
  8  9  1  0
  9 10  1  0
  2 11  1  0
 11 12  1  0
 12 13  1  0
 13 14  1  0
 14 15  1  1
 15 16  1  0
 16 17  2  0
 16 18  2  0
 16 19  1  0
 19 20  2  0
 20 21  1  0
 21 22  2  0
 22 23  1  0
 23 24  1  0
 23 25  2  0
 25 26  1  0
 26 27  2  0
 27 28  1  0
 14 29  1  0
 29 30  2  0
 10  5  1  0
 29 11  1  0
 28 19  1  0
 27 21  1  0
M  END
",2.615719418114387
4y71,COMPLETED,0.8714289665222168,-2.009347915649414,8.009347915649414,COMPLETED,36.28563594818115,C[C@@H](C(=O)N1CCC(=O)N(C)CC1)N1CC[C@H](NS(=O)(=O)c2ccc3cc(Cl)ccc3c2)C1=O,-9.212785928215183,0.296674034897916,0.4044761397449158,"
     RDKit          3D

 34 37  0  0  0  0  0  0  0  0999 V2000
   -1.3391  -13.6880  -14.0782 C   0  0  0  0  0  0  0  0  0  0  0  0
   -0.8838  -12.5307  -13.1541 C   0  0  1  0  0  0  0  0  0  0  0  0
   -0.7523  -13.0196  -11.6876 C   0  0  0  0  0  0  0  0  0  0  0  0
   -0.4342  -14.1631  -11.4106 O   0  0  0  0  0  0  0  0  0  0  0  0
   -1.2136  -12.1299  -10.7227 N   0  0  0  0  0  0  0  0  0  0  0  0
   -1.7798  -12.6063   -9.4475 C   0  0  0  0  0  0  0  0  0  0  0  0
   -0.8328  -12.4334   -8.2643 C   0  0  0  0  0  0  0  0  0  0  0  0
   -0.9260  -11.0182   -7.6269 C   0  0  0  0  0  0  0  0  0  0  0  0
   -1.2031  -10.8839   -6.4630 O   0  0  0  0  0  0  0  0  0  0  0  0
   -0.7126   -9.9606   -8.5017 N   0  0  0  0  0  0  0  0  0  0  0  0
   -0.8727   -8.5609   -8.0350 C   0  0  0  0  0  0  0  0  0  0  0  0
   -0.0950  -10.1023   -9.8136 C   0  0  0  0  0  0  0  0  0  0  0  0
   -1.0935  -10.6739  -10.8587 C   0  0  0  0  0  0  0  0  0  0  0  0
    0.3489  -11.9109  -13.6599 N   0  0  0  0  0  0  0  0  0  0  0  0
    1.6132  -12.6492  -13.6364 C   0  0  0  0  0  0  0  0  0  0  0  0
    2.4978  -12.0062  -14.7165 C   0  0  0  0  0  0  0  0  0  0  0  0
    1.6421  -10.9158  -15.3976 C   0  0  2  0  0  0  0  0  0  0  0  0
    2.3260   -9.6139  -15.4413 N   0  0  0  0  0  0  0  0  0  0  0  0
    3.2399   -9.2966  -16.8389 S   0  0  0  0  0  0  0  0  0  0  0  0
    2.3249   -8.6768  -17.8277 O   0  0  0  0  0  0  0  0  0  0  0  0
    4.0073  -10.4954  -17.1371 O   0  0  0  0  0  0  0  0  0  0  0  0
    4.3771   -8.0527  -16.2348 C   0  0  0  0  0  0  0  0  0  0  0  0
    5.4814   -8.4605  -15.4449 C   0  0  0  0  0  0  0  0  0  0  0  0
    6.3080   -7.5031  -14.8585 C   0  0  0  0  0  0  0  0  0  0  0  0
    6.0467   -6.1348  -15.0352 C   0  0  0  0  0  0  0  0  0  0  0  0
    6.8317   -5.1806  -14.3898 C   0  0  0  0  0  0  0  0  0  0  0  0
    6.5534   -3.8146  -14.5442 C   0  0  0  0  0  0  0  0  0  0  0  0
    7.5237   -2.6307  -13.7161 Cl  0  0  0  0  0  0  0  0  0  0  0  0
    5.4870   -3.4040  -15.3722 C   0  0  0  0  0  0  0  0  0  0  0  0
    4.6962   -4.3579  -16.0157 C   0  0  0  0  0  0  0  0  0  0  0  0
    4.9608   -5.7286  -15.8498 C   0  0  0  0  0  0  0  0  0  0  0  0
    4.1356   -6.6907  -16.4381 C   0  0  0  0  0  0  0  0  0  0  0  0
    0.3403  -10.8888  -14.5931 C   0  0  0  0  0  0  0  0  0  0  0  0
   -0.6117  -10.1671  -14.8108 O   0  0  0  0  0  0  0  0  0  0  0  0
  2  1  1  6
  2  3  1  0
  3  4  2  0
  3  5  1  0
  5  6  1  0
  6  7  1  0
  7  8  1  0
  8  9  2  0
  8 10  1  0
 10 11  1  0
 10 12  1  0
 12 13  1  0
  2 14  1  0
 14 15  1  0
 15 16  1  0
 16 17  1  0
 17 18  1  1
 18 19  1  0
 19 20  2  0
 19 21  2  0
 19 22  1  0
 22 23  2  0
 23 24  1  0
 24 25  2  0
 25 26  1  0
 26 27  2  0
 27 28  1  0
 27 29  1  0
 29 30  2  0
 30 31  1  0
 31 32  2  0
 17 33  1  0
 33 34  2  0
 13  5  1  0
 33 14  1  0
 32 22  1  0
 31 25  1  0
M  END
",3.1913703269672626
3sw2,COMPLETED,0.947646975517273,-2.9771862030029297,8.97718620300293,COMPLETED,43.63088536262512,O=C(CN1CCC[C@H](NS(=O)(=O)c2ccc3cc(Cl)ccc3c2)C1=O)N1C[C@@H]2C[C@H](C1)c1cccc(=O)n1C2,-11.085833408773288,0.2761269044907857,0.4583965444068553,"
     RDKit          3D

 39 44  0  0  0  0  0  0  0  0999 V2000
    2.0788  -13.7525  -12.6557 O   0  0  0  0  0  0  0  0  0  0  0  0
    0.9637  -13.4242  -12.9534 C   0  0  0  0  0  0  0  0  0  0  0  0
    0.4043  -13.6564  -14.3874 C   0  0  0  0  0  0  0  0  0  0  0  0
    0.5546  -12.4260  -15.1534 N   0  0  0  0  0  0  0  0  0  0  0  0
   -0.6643  -11.6136  -15.3028 C   0  0  0  0  0  0  0  0  0  0  0  0
   -0.4945  -10.1336  -14.8829 C   0  0  0  0  0  0  0  0  0  0  0  0
    0.9604   -9.7440  -14.5272 C   0  0  0  0  0  0  0  0  0  0  0  0
    1.9973  -10.4100  -15.4416 C   0  0  2  0  0  0  0  0  0  0  0  0
    2.0126   -9.7888  -16.7800 N   0  0  0  0  0  0  0  0  0  0  0  0
    3.5180   -9.5671  -17.5294 S   0  0  0  0  0  0  0  0  0  0  0  0
    4.2311  -10.8533  -17.4613 O   0  0  0  0  0  0  0  0  0  0  0  0
    3.2357   -8.9402  -18.8162 O   0  0  0  0  0  0  0  0  0  0  0  0
    4.3599   -8.3555  -16.4950 C   0  0  0  0  0  0  0  0  0  0  0  0
    5.3540   -8.7591  -15.5935 C   0  0  0  0  0  0  0  0  0  0  0  0
    6.1011   -7.8099  -14.8839 C   0  0  0  0  0  0  0  0  0  0  0  0
    5.8640   -6.4348  -15.0844 C   0  0  0  0  0  0  0  0  0  0  0  0
    6.6169   -5.4881  -14.3829 C   0  0  0  0  0  0  0  0  0  0  0  0
    6.3687   -4.1115  -14.5796 C   0  0  0  0  0  0  0  0  0  0  0  0
    7.3129   -2.9308  -13.7033 Cl  0  0  0  0  0  0  0  0  0  0  0  0
    5.3721   -3.7013  -15.4729 C   0  0  0  0  0  0  0  0  0  0  0  0
    4.6180   -4.6506  -16.1786 C   0  0  0  0  0  0  0  0  0  0  0  0
    4.8630   -6.0258  -15.9861 C   0  0  0  0  0  0  0  0  0  0  0  0
    4.1151   -6.9765  -16.6929 C   0  0  0  0  0  0  0  0  0  0  0  0
    1.8249  -11.9463  -15.4931 C   0  0  0  0  0  0  0  0  0  0  0  0
    2.7629  -12.6984  -15.6666 O   0  0  0  0  0  0  0  0  0  0  0  0
    0.1429  -12.6583  -12.1356 N   0  0  0  0  0  0  0  0  0  0  0  0
   -1.3137  -12.8634  -12.0992 C   0  0  0  0  0  0  0  0  0  0  0  0
   -2.1052  -11.7795  -11.3437 C   0  0  2  0  0  0  0  0  0  0  0  0
   -1.4363  -10.4154  -11.6002 C   0  0  0  0  0  0  0  0  0  0  0  0
   -0.1091  -10.4427  -10.8405 C   0  0  2  0  0  0  0  0  0  0  0  0
    0.7613  -11.6933  -11.1666 C   0  0  0  0  0  0  0  0  0  0  0  0
   -0.4366  -10.4202   -9.3746 C   0  0  0  0  0  0  0  0  0  0  0  0
    0.2389   -9.5166   -8.5753 C   0  0  0  0  0  0  0  0  0  0  0  0
   -0.0678   -9.4817   -7.1738 C   0  0  0  0  0  0  0  0  0  0  0  0
   -0.9968  -10.3771   -6.6939 C   0  0  0  0  0  0  0  0  0  0  0  0
   -1.7425  -11.3371   -7.5341 C   0  0  0  0  0  0  0  0  0  0  0  0
   -2.5634  -12.1105   -7.0699 O   0  0  0  0  0  0  0  0  0  0  0  0
   -1.4382  -11.2649   -8.8874 N   0  0  0  0  0  0  0  0  0  0  0  0
   -2.2177  -12.1285   -9.8278 C   0  0  0  0  0  0  0  0  0  0  0  0
  1  2  2  0
  2  3  1  0
  3  4  1  0
  4  5  1  0
  5  6  1  0
  6  7  1  0
  7  8  1  0
  8  9  1  6
  9 10  1  0
 10 11  2  0
 10 12  2  0
 10 13  1  0
 13 14  2  0
 14 15  1  0
 15 16  2  0
 16 17  1  0
 17 18  2  0
 18 19  1  0
 18 20  1  0
 20 21  2  0
 21 22  1  0
 22 23  2  0
  8 24  1  0
 24 25  2  0
  2 26  1  0
 26 27  1  0
 28 27  1  6
 28 29  1  0
 29 30  1  0
 30 31  1  1
 30 32  1  0
 32 33  2  0
 33 34  1  0
 34 35  2  0
 35 36  1  0
 36 37  2  0
 36 38  1  0
 38 39  1  0
 24  4  1  0
 31 26  1  0
 38 32  1  0
 23 13  1  0
 39 28  1  0
 22 16  1  0
M  END
",3.944058769774963
1iqh,COMPLETED,0.9592938423156738,-3.025775909423828,9.025775909423828,COMPLETED,39.83982825279236,O=C1CN(S(=O)(=O)c2ccc3cc(Cl)ccc3c2)CCN1CC1(CO)CCN(c2ccncc2)CC1,-8.977649358645033,0.2189766662479574,0.4032608806809787,"
     RDKit          3D

 36 40  0  0  0  0  0  0  0  0999 V2000
    1.5539  -12.9315  -13.0558 O   0  0  0  0  0  0  0  0  0  0  0  0
    1.6596  -11.7788  -13.4066 C   0  0  0  0  0  0  0  0  0  0  0  0
    1.9124  -11.4184  -14.9102 C   0  0  0  0  0  0  0  0  0  0  0  0
    2.5429  -10.1118  -15.1745 N   0  0  0  0  0  0  0  0  0  0  0  0
    3.3892   -9.9129  -16.6477 S   0  0  0  0  0  0  0  0  0  0  0  0
    2.4117   -9.4816  -17.6559 O   0  0  0  0  0  0  0  0  0  0  0  0
    4.2409  -11.0946  -16.8213 O   0  0  0  0  0  0  0  0  0  0  0  0
    4.4693   -8.5208  -16.2947 C   0  0  0  0  0  0  0  0  0  0  0  0
    5.7250   -8.7393  -15.6752 C   0  0  0  0  0  0  0  0  0  0  0  0
    6.4847   -7.6797  -15.2272 C   0  0  0  0  0  0  0  0  0  0  0  0
    6.0283   -6.3485  -15.3576 C   0  0  0  0  0  0  0  0  0  0  0  0
    6.7487   -5.2985  -14.8455 C   0  0  0  0  0  0  0  0  0  0  0  0
    6.2816   -3.9671  -14.9521 C   0  0  0  0  0  0  0  0  0  0  0  0
    7.1692   -2.6612  -14.2734 Cl  0  0  0  0  0  0  0  0  0  0  0  0
    5.0584   -3.7391  -15.6435 C   0  0  0  0  0  0  0  0  0  0  0  0
    4.3382   -4.7887  -16.1596 C   0  0  0  0  0  0  0  0  0  0  0  0
    4.7863   -6.1268  -16.0281 C   0  0  0  0  0  0  0  0  0  0  0  0
    4.0267   -7.1887  -16.4704 C   0  0  0  0  0  0  0  0  0  0  0  0
    3.0568   -9.3869  -13.9991 C   0  0  0  0  0  0  0  0  0  0  0  0
    1.9884   -9.3579  -12.8914 C   0  0  0  0  0  0  0  0  0  0  0  0
    1.5983  -10.7052  -12.5172 N   0  0  0  0  0  0  0  0  0  0  0  0
    1.3007  -10.8827  -11.0711 C   0  0  0  0  0  0  0  0  0  0  0  0
   -0.1165  -10.5073  -10.5830 C   0  0  0  0  0  0  0  0  0  0  0  0
    0.0419  -10.0778   -9.1098 C   0  0  0  0  0  0  0  0  0  0  0  0
   -1.1980   -9.7147   -8.4752 O   0  0  0  0  0  0  0  0  0  0  0  0
   -1.0567  -11.7435  -10.6645 C   0  0  0  0  0  0  0  0  0  0  0  0
   -1.5458  -12.1112  -12.0870 C   0  0  0  0  0  0  0  0  0  0  0  0
   -1.7644  -10.9366  -12.9597 N   0  0  0  0  0  0  0  0  0  0  0  0
   -1.6395  -11.0239  -14.3464 C   0  0  0  0  0  0  0  0  0  0  0  0
   -1.5911   -9.8766  -15.1570 C   0  0  0  0  0  0  0  0  0  0  0  0
   -1.4769  -10.0139  -16.5457 C   0  0  0  0  0  0  0  0  0  0  0  0
   -1.4090  -11.2266  -17.1601 N   0  0  0  0  0  0  0  0  0  0  0  0
   -1.4419  -12.3168  -16.3942 C   0  0  0  0  0  0  0  0  0  0  0  0
   -1.5573  -12.2761  -14.9848 C   0  0  0  0  0  0  0  0  0  0  0  0
   -1.9293   -9.6407  -12.2644 C   0  0  0  0  0  0  0  0  0  0  0  0
   -0.7183   -9.2950  -11.4025 C   0  0  0  0  0  0  0  0  0  0  0  0
  1  2  2  0
  2  3  1  0
  3  4  1  0
  4  5  1  0
  5  6  2  0
  5  7  2  0
  5  8  1  0
  8  9  2  0
  9 10  1  0
 10 11  2  0
 11 12  1  0
 12 13  2  0
 13 14  1  0
 13 15  1  0
 15 16  2  0
 16 17  1  0
 17 18  2  0
  4 19  1  0
 19 20  1  0
 20 21  1  0
 21 22  1  0
 22 23  1  0
 23 24  1  0
 24 25  1  0
 23 26  1  0
 26 27  1  0
 27 28  1  0
 28 29  1  0
 29 30  2  0
 30 31  1  0
 31 32  2  0
 32 33  1  0
 33 34  2  0
 28 35  1  0
 35 36  1  0
 21  2  1  0
 36 23  1  0
 18  8  1  0
 34 29  1  0
 17 11  1  0
M  END
",2.667808218142153
2d1j,COMPLETED,0.8158352375030518,-1.2667160034179688,7.266716003417969,COMPLETED,37.639469623565674,O=C(c1cc2c(ccc[n+]2[O-])s1)N1CCN(S(=O)(=O)c2cc3cc(Cl)ccc3[nH]2)CC1,-9.574720827942143,0.15731703641099265,0.40391803115984753,"
     RDKit          3D

 31 35  0  0  0  0  0  0  0  0999 V2000
   -1.7564   -8.6151  -13.5130 O   0  0  0  0  0  0  0  0  0  0  0  0
   -1.0820   -9.6273  -13.3157 C   0  0  0  0  0  0  0  0  0  0  0  0
   -0.8665  -10.1697  -11.9601 C   0  0  0  0  0  0  0  0  0  0  0  0
   -1.1312   -9.3980  -10.8271 C   0  0  0  0  0  0  0  0  0  0  0  0
   -1.0034  -10.1811   -9.6341 C   0  0  0  0  0  0  0  0  0  0  0  0
   -0.7191  -11.5328   -9.8614 C   0  0  0  0  0  0  0  0  0  0  0  0
   -0.7154  -12.4375   -8.8103 C   0  0  0  0  0  0  0  0  0  0  0  0
   -0.9424  -11.9879   -7.5152 C   0  0  0  0  0  0  0  0  0  0  0  0
   -1.1827  -10.5978   -7.2678 C   0  0  0  0  0  0  0  0  0  0  0  0
   -1.1493   -9.7149   -8.3365 N   0  0  0  0  0  0  0  0  0  0  0  0
   -1.1133   -8.4843   -8.1059 O   0  0  0  0  0  0  0  0  0  0  0  0
   -0.4985  -11.8836  -11.5612 S   0  0  0  0  0  0  0  0  0  0  0  0
   -0.5059  -10.3201  -14.3881 N   0  0  0  0  0  0  0  0  0  0  0  0
   -0.8336   -9.9776  -15.7739 C   0  0  0  0  0  0  0  0  0  0  0  0
    0.3119  -10.2452  -16.7965 C   0  0  0  0  0  0  0  0  0  0  0  0
    1.6284   -9.8185  -16.2376 N   0  0  0  0  0  0  0  0  0  0  0  0
    2.9154   -9.7352  -17.3562 S   0  0  0  0  0  0  0  0  0  0  0  0
    3.5838  -11.0497  -17.3470 O   0  0  0  0  0  0  0  0  0  0  0  0
    2.3785   -9.1578  -18.5819 O   0  0  0  0  0  0  0  0  0  0  0  0
    3.9814   -8.4823  -16.6350 C   0  0  0  0  0  0  0  0  0  0  0  0
    3.8443   -7.0896  -16.7847 C   0  0  0  0  0  0  0  0  0  0  0  0
    4.8984   -6.5163  -16.0201 C   0  0  0  0  0  0  0  0  0  0  0  0
    5.2023   -5.1652  -15.7511 C   0  0  0  0  0  0  0  0  0  0  0  0
    6.2678   -4.9035  -14.8902 C   0  0  0  0  0  0  0  0  0  0  0  0
    6.6902   -3.2448  -14.4907 Cl  0  0  0  0  0  0  0  0  0  0  0  0
    7.0169   -5.9579  -14.2966 C   0  0  0  0  0  0  0  0  0  0  0  0
    6.6839   -7.3040  -14.5880 C   0  0  0  0  0  0  0  0  0  0  0  0
    5.6236   -7.5267  -15.4494 C   0  0  0  0  0  0  0  0  0  0  0  0
    5.0949   -8.7455  -15.8238 N   0  0  0  0  0  0  0  0  0  0  0  0
    1.9489  -10.3390  -14.9127 C   0  0  0  0  0  0  0  0  0  0  0  0
    0.7541  -11.0935  -14.2298 C   0  0  0  0  0  0  0  0  0  0  0  0
  1  2  2  0
  2  3  1  0
  3  4  2  0
  4  5  1  0
  5  6  2  0
  6  7  1  0
  7  8  2  0
  8  9  1  0
  9 10  2  0
 10 11  1  0
  6 12  1  0
  2 13  1  0
 13 14  1  0
 14 15  1  0
 15 16  1  0
 16 17  1  0
 17 18  2  0
 17 19  2  0
 17 20  1  0
 20 21  2  0
 21 22  1  0
 22 23  2  0
 23 24  1  0
 24 25  1  0
 24 26  2  0
 26 27  1  0
 27 28  2  0
 28 29  1  0
 16 30  1  0
 30 31  1  0
 12  3  1  0
 31 13  1  0
 10  5  1  0
 29 20  1  0
 28 22  1  0
M  CHG  2  10   1  11  -1
M  END
",2.4135739990523786
